cruise_id,cruise_group,cruise_start,cruise_end,cruise_sampling_window,cruise_duration_days,model_window_start,model_window_end,full_model_window,model_window_days,release_region_type,region,station,latitude,longitude,requested_release_timing,receiving_regions,requested_model_task,main_reason,interpretation_note
WS0603,strong_selected_cruise,2006-01-18,2006-01-25,2006-01-18 to 2006-01-25,8,2006-01-11,2006-01-25,2006-01-11 to 2006-01-25,15,keys_receiving_check_point,Lower Keys,19,24.6095,-81.4215,Do not release particles from this station; use as receiving/check location.,Lower Keys,Use this Keys station/region as a receiving endpoint to evaluate whether particles approach or arrive near it.,Florida Keys receiving/check station sampled during the same cruise,This is not a release point. It is included to show the Keys receiving station/region sampled during the same cruise where particle arrival should be checked.
WS0603,strong_selected_cruise,2006-01-18,2006-01-25,2006-01-18 to 2006-01-25,8,2006-01-11,2006-01-25,2006-01-11 to 2006-01-25,15,keys_receiving_check_point,Lower Keys,20,24.57466667,-81.41833333,Do not release particles from this station; use as receiving/check location.,Lower Keys,Use this Keys station/region as a receiving endpoint to evaluate whether particles approach or arrive near it.,Florida Keys receiving/check station sampled during the same cruise,This is not a release point. It is included to show the Keys receiving station/region sampled during the same cruise where particle arrival should be checked.
WS0603,strong_selected_cruise,2006-01-18,2006-01-25,2006-01-18 to 2006-01-25,8,2006-01-11,2006-01-25,2006-01-11 to 2006-01-25,15,keys_receiving_check_point,Lower Keys,21.5,24.48166667,-81.39183333,Do not release particles from this station; use as receiving/check location.,Lower Keys,Use this Keys station/region as a receiving endpoint to evaluate whether particles approach or arrive near it.,Florida Keys receiving/check station sampled during the same cruise,This is not a release point. It is included to show the Keys receiving station/region sampled during the same cruise where particle arrival should be checked.
WS0603,strong_selected_cruise,2006-01-18,2006-01-25,2006-01-18 to 2006-01-25,8,2006-01-11,2006-01-25,2006-01-11 to 2006-01-25,15,keys_receiving_check_point,Lower Keys,21LK,24.53816667,-81.41383333,Do not release particles from this station; use as receiving/check location.,Lower Keys,Use this Keys station/region as a receiving endpoint to evaluate whether particles approach or arrive near it.,Florida Keys receiving/check station sampled during the same cruise,This is not a release point. It is included to show the Keys receiving station/region sampled during the same cruise where particle arrival should be checked.
WS0603,strong_selected_cruise,2006-01-18,2006-01-25,2006-01-18 to 2006-01-25,8,2006-01-11,2006-01-25,2006-01-11 to 2006-01-25,15,keys_receiving_check_point,Lower Keys,22,24.45533333,-81.82866667,Do not release particles from this station; use as receiving/check location.,Lower Keys,Use this Keys station/region as a receiving endpoint to evaluate whether particles approach or arrive near it.,Florida Keys receiving/check station sampled during the same cruise,This is not a release point. It is included to show the Keys receiving station/region sampled during the same cruise where particle arrival should be checked.
WS0603,strong_selected_cruise,2006-01-18,2006-01-25,2006-01-18 to 2006-01-25,8,2006-01-11,2006-01-25,2006-01-11 to 2006-01-25,15,keys_receiving_check_point,Lower Keys,22.5,24.39666667,-81.82916667,Do not release particles from this station; use as receiving/check location.,Lower Keys,Use this Keys station/region as a receiving endpoint to evaluate whether particles approach or arrive near it.,Florida Keys receiving/check station sampled during the same cruise,This is not a release point. It is included to show the Keys receiving station/region sampled during the same cruise where particle arrival should be checked.
WS0603,strong_selected_cruise,2006-01-18,2006-01-25,2006-01-18 to 2006-01-25,8,2006-01-11,2006-01-25,2006-01-11 to 2006-01-25,15,keys_receiving_check_point,Lower Keys,23,24.487,-81.82916667,Do not release particles from this station; use as receiving/check location.,Lower Keys,Use this Keys station/region as a receiving endpoint to evaluate whether particles approach or arrive near it.,Florida Keys receiving/check station sampled during the same cruise,This is not a release point. It is included to show the Keys receiving station/region sampled during the same cruise where particle arrival should be checked.
WS0603,strong_selected_cruise,2006-01-18,2006-01-25,2006-01-18 to 2006-01-25,8,2006-01-11,2006-01-25,2006-01-11 to 2006-01-25,15,keys_receiving_check_point,Lower Keys,24,24.5365,-81.82883333,Do not release particles from this station; use as receiving/check location.,Lower Keys,Use this Keys station/region as a receiving endpoint to evaluate whether particles approach or arrive near it.,Florida Keys receiving/check station sampled during the same cruise,This is not a release point. It is included to show the Keys receiving station/region sampled during the same cruise where particle arrival should be checked.
WS0603,strong_selected_cruise,2006-01-18,2006-01-25,2006-01-18 to 2006-01-25,8,2006-01-11,2006-01-25,2006-01-11 to 2006-01-25,15,keys_receiving_check_point,Middle Keys,10,24.78683333,-80.85966667,Do not release particles from this station; use as receiving/check location.,Middle Keys,Use this Keys station/region as a receiving endpoint to evaluate whether particles approach or arrive near it.,Florida Keys receiving/check station sampled during the same cruise,This is not a release point. It is included to show the Keys receiving station/region sampled during the same cruise where particle arrival should be checked.
WS0603,strong_selected_cruise,2006-01-18,2006-01-25,2006-01-18 to 2006-01-25,8,2006-01-11,2006-01-25,2006-01-11 to 2006-01-25,15,keys_receiving_check_point,Middle Keys,11,24.75366667,-80.84633333,Do not release particles from this station; use as receiving/check location.,Middle Keys,Use this Keys station/region as a receiving endpoint to evaluate whether particles approach or arrive near it.,Florida Keys receiving/check station sampled during the same cruise,This is not a release point. It is included to show the Keys receiving station/region sampled during the same cruise where particle arrival should be checked.
WS0603,strong_selected_cruise,2006-01-18,2006-01-25,2006-01-18 to 2006-01-25,8,2006-01-11,2006-01-25,2006-01-11 to 2006-01-25,15,keys_receiving_check_point,Middle Keys,12,24.71383333,-80.83083333,Do not release particles from this station; use as receiving/check location.,Middle Keys,Use this Keys station/region as a receiving endpoint to evaluate whether particles approach or arrive near it.,Florida Keys receiving/check station sampled during the same cruise,This is not a release point. It is included to show the Keys receiving station/region sampled during the same cruise where particle arrival should be checked.
WS0603,strong_selected_cruise,2006-01-18,2006-01-25,2006-01-18 to 2006-01-25,8,2006-01-11,2006-01-25,2006-01-11 to 2006-01-25,15,keys_receiving_check_point,Middle Keys,13,24.70083333,-81.02866667,Do not release particles from this station; use as receiving/check location.,Middle Keys,Use this Keys station/region as a receiving endpoint to evaluate whether particles approach or arrive near it.,Florida Keys receiving/check station sampled during the same cruise,This is not a release point. It is included to show the Keys receiving station/region sampled during the same cruise where particle arrival should be checked.
WS0603,strong_selected_cruise,2006-01-18,2006-01-25,2006-01-18 to 2006-01-25,8,2006-01-11,2006-01-25,2006-01-11 to 2006-01-25,15,keys_receiving_check_point,Middle Keys,14,24.67466667,-81.02316667,Do not release particles from this station; use as receiving/check location.,Middle Keys,Use this Keys station/region as a receiving endpoint to evaluate whether particles approach or arrive near it.,Florida Keys receiving/check station sampled during the same cruise,This is not a release point. It is included to show the Keys receiving station/region sampled during the same cruise where particle arrival should be checked.
WS0603,strong_selected_cruise,2006-01-18,2006-01-25,2006-01-18 to 2006-01-25,8,2006-01-11,2006-01-25,2006-01-11 to 2006-01-25,15,keys_receiving_check_point,Middle Keys,15,24.6415,-81.01683333,Do not release particles from this station; use as receiving/check location.,Middle Keys,Use this Keys station/region as a receiving endpoint to evaluate whether particles approach or arrive near it.,Florida Keys receiving/check station sampled during the same cruise,This is not a release point. It is included to show the Keys receiving station/region sampled during the same cruise where particle arrival should be checked.
WS0603,strong_selected_cruise,2006-01-18,2006-01-25,2006-01-18 to 2006-01-25,8,2006-01-11,2006-01-25,2006-01-11 to 2006-01-25,15,keys_receiving_check_point,Middle Keys,15.5,24.5925,-80.99166667,Do not release particles from this station; use as receiving/check location.,Middle Keys,Use this Keys station/region as a receiving endpoint to evaluate whether particles approach or arrive near it.,Florida Keys receiving/check station sampled during the same cruise,This is not a release point. It is included to show the Keys receiving station/region sampled during the same cruise where particle arrival should be checked.
WS0603,strong_selected_cruise,2006-01-18,2006-01-25,2006-01-18 to 2006-01-25,8,2006-01-11,2006-01-25,2006-01-11 to 2006-01-25,15,keys_receiving_check_point,Middle Keys,16,24.67466667,-81.20416667,Do not release particles from this station; use as receiving/check location.,Middle Keys,Use this Keys station/region as a receiving endpoint to evaluate whether particles approach or arrive near it.,Florida Keys receiving/check station sampled during the same cruise,This is not a release point. It is included to show the Keys receiving station/region sampled during the same cruise where particle arrival should be checked.
WS0603,strong_selected_cruise,2006-01-18,2006-01-25,2006-01-18 to 2006-01-25,8,2006-01-11,2006-01-25,2006-01-11 to 2006-01-25,15,keys_receiving_check_point,Middle Keys,17,24.63633333,-81.19366667,Do not release particles from this station; use as receiving/check location.,Middle Keys,Use this Keys station/region as a receiving endpoint to evaluate whether particles approach or arrive near it.,Florida Keys receiving/check station sampled during the same cruise,This is not a release point. It is included to show the Keys receiving station/region sampled during the same cruise where particle arrival should be checked.
WS0603,strong_selected_cruise,2006-01-18,2006-01-25,2006-01-18 to 2006-01-25,8,2006-01-11,2006-01-25,2006-01-11 to 2006-01-25,15,keys_receiving_check_point,Middle Keys,18,24.59916667,-81.18366667,Do not release particles from this station; use as receiving/check location.,Middle Keys,Use this Keys station/region as a receiving endpoint to evaluate whether particles approach or arrive near it.,Florida Keys receiving/check station sampled during the same cruise,This is not a release point. It is included to show the Keys receiving station/region sampled during the same cruise where particle arrival should be checked.
WS0603,strong_selected_cruise,2006-01-18,2006-01-25,2006-01-18 to 2006-01-25,8,2006-01-11,2006-01-25,2006-01-11 to 2006-01-25,15,keys_receiving_check_point,Middle Keys,7,24.819,-80.75616667,Do not release particles from this station; use as receiving/check location.,Middle Keys,Use this Keys station/region as a receiving endpoint to evaluate whether particles approach or arrive near it.,Florida Keys receiving/check station sampled during the same cruise,This is not a release point. It is included to show the Keys receiving station/region sampled during the same cruise where particle arrival should be checked.
WS0603,strong_selected_cruise,2006-01-18,2006-01-25,2006-01-18 to 2006-01-25,8,2006-01-11,2006-01-25,2006-01-11 to 2006-01-25,15,keys_receiving_check_point,Middle Keys,8,24.79166667,-80.74083333,Do not release particles from this station; use as receiving/check location.,Middle Keys,Use this Keys station/region as a receiving endpoint to evaluate whether particles approach or arrive near it.,Florida Keys receiving/check station sampled during the same cruise,This is not a release point. It is included to show the Keys receiving station/region sampled during the same cruise where particle arrival should be checked.
WS0603,strong_selected_cruise,2006-01-18,2006-01-25,2006-01-18 to 2006-01-25,8,2006-01-11,2006-01-25,2006-01-11 to 2006-01-25,15,keys_receiving_check_point,Middle Keys,9,24.76316667,-80.72266667,Do not release particles from this station; use as receiving/check location.,Middle Keys,Use this Keys station/region as a receiving endpoint to evaluate whether particles approach or arrive near it.,Florida Keys receiving/check station sampled during the same cruise,This is not a release point. It is included to show the Keys receiving station/region sampled during the same cruise where particle arrival should be checked.
WS0603,strong_selected_cruise,2006-01-18,2006-01-25,2006-01-18 to 2006-01-25,8,2006-01-11,2006-01-25,2006-01-11 to 2006-01-25,15,keys_receiving_check_point,Middle Keys,9.5,24.71633333,-80.68933333,Do not release particles from this station; use as receiving/check location.,Middle Keys,Use this Keys station/region as a receiving endpoint to evaluate whether particles approach or arrive near it.,Florida Keys receiving/check station sampled during the same cruise,This is not a release point. It is included to show the Keys receiving station/region sampled during the same cruise where particle arrival should be checked.
WS0603,strong_selected_cruise,2006-01-18,2006-01-25,2006-01-18 to 2006-01-25,8,2006-01-11,2006-01-25,2006-01-11 to 2006-01-25,15,keys_receiving_check_point,Upper Keys,1,25.64416667,-80.12716667,Do not release particles from this station; use as receiving/check location.,Upper Keys,Use this Keys station/region as a receiving endpoint to evaluate whether particles approach or arrive near it.,Florida Keys receiving/check station sampled during the same cruise,This is not a release point. It is included to show the Keys receiving station/region sampled during the same cruise where particle arrival should be checked.
WS0603,strong_selected_cruise,2006-01-18,2006-01-25,2006-01-18 to 2006-01-25,8,2006-01-11,2006-01-25,2006-01-11 to 2006-01-25,15,keys_receiving_check_point,Upper Keys,2,25.64166667,-80.10516667,Do not release particles from this station; use as receiving/check location.,Upper Keys,Use this Keys station/region as a receiving endpoint to evaluate whether particles approach or arrive near it.,Florida Keys receiving/check station sampled during the same cruise,This is not a release point. It is included to show the Keys receiving station/region sampled during the same cruise where particle arrival should be checked.
WS0603,strong_selected_cruise,2006-01-18,2006-01-25,2006-01-18 to 2006-01-25,8,2006-01-11,2006-01-25,2006-01-11 to 2006-01-25,15,keys_receiving_check_point,Upper Keys,3,25.645,-80.084,Do not release particles from this station; use as receiving/check location.,Upper Keys,Use this Keys station/region as a receiving endpoint to evaluate whether particles approach or arrive near it.,Florida Keys receiving/check station sampled during the same cruise,This is not a release point. It is included to show the Keys receiving station/region sampled during the same cruise where particle arrival should be checked.
WS0603,strong_selected_cruise,2006-01-18,2006-01-25,2006-01-18 to 2006-01-25,8,2006-01-11,2006-01-25,2006-01-11 to 2006-01-25,15,keys_receiving_check_point,Upper Keys,4,25.10833333,-80.38,Do not release particles from this station; use as receiving/check location.,Upper Keys,Use this Keys station/region as a receiving endpoint to evaluate whether particles approach or arrive near it.,Florida Keys receiving/check station sampled during the same cruise,This is not a release point. It is included to show the Keys receiving station/region sampled during the same cruise where particle arrival should be checked.
WS0603,strong_selected_cruise,2006-01-18,2006-01-25,2006-01-18 to 2006-01-25,8,2006-01-11,2006-01-25,2006-01-11 to 2006-01-25,15,keys_receiving_check_point,Upper Keys,5,25.09316667,-80.35483333,Do not release particles from this station; use as receiving/check location.,Upper Keys,Use this Keys station/region as a receiving endpoint to evaluate whether particles approach or arrive near it.,Florida Keys receiving/check station sampled during the same cruise,This is not a release point. It is included to show the Keys receiving station/region sampled during the same cruise where particle arrival should be checked.
WS0603,strong_selected_cruise,2006-01-18,2006-01-25,2006-01-18 to 2006-01-25,8,2006-01-11,2006-01-25,2006-01-11 to 2006-01-25,15,keys_receiving_check_point,Upper Keys,5.5,25.07733333,-80.33366667,Do not release particles from this station; use as receiving/check location.,Upper Keys,Use this Keys station/region as a receiving endpoint to evaluate whether particles approach or arrive near it.,Florida Keys receiving/check station sampled during the same cruise,This is not a release point. It is included to show the Keys receiving station/region sampled during the same cruise where particle arrival should be checked.
WS0603,strong_selected_cruise,2006-01-18,2006-01-25,2006-01-18 to 2006-01-25,8,2006-01-11,2006-01-25,2006-01-11 to 2006-01-25,15,keys_receiving_check_point,Upper Keys,6,25.065,-80.31483333,Do not release particles from this station; use as receiving/check location.,Upper Keys,Use this Keys station/region as a receiving endpoint to evaluate whether particles approach or arrive near it.,Florida Keys receiving/check station sampled during the same cruise,This is not a release point. It is included to show the Keys receiving station/region sampled during the same cruise where particle arrival should be checked.
WS0603,strong_selected_cruise,2006-01-18,2006-01-25,2006-01-18 to 2006-01-25,8,2006-01-11,2006-01-25,2006-01-11 to 2006-01-25,15,keys_receiving_check_point,Upper Keys,6.5,25.049,-80.28683333,Do not release particles from this station; use as receiving/check location.,Upper Keys,Use this Keys station/region as a receiving endpoint to evaluate whether particles approach or arrive near it.,Florida Keys receiving/check station sampled during the same cruise,This is not a release point. It is included to show the Keys receiving station/region sampled during the same cruise where particle arrival should be checked.
WS0603,strong_selected_cruise,2006-01-18,2006-01-25,2006-01-18 to 2006-01-25,8,2006-01-11,2006-01-25,2006-01-11 to 2006-01-25,15,source_release_point,Everglades,52,25.45333333,-81.25966667,Release particles from this source station during the model window.,Lower Keys; Middle Keys; Upper Keys,Forward particle tracking from source region toward Florida Keys receiving regions.,source station with upper-5-m salinity <=34 PSU,This is a particle release/start point from the freshwater source region.
WS0603,strong_selected_cruise,2006-01-18,2006-01-25,2006-01-18 to 2006-01-25,8,2006-01-11,2006-01-25,2006-01-11 to 2006-01-25,15,source_release_point,Everglades,53,25.45166667,-81.22516667,Release particles from this source station during the model window.,Lower Keys; Middle Keys; Upper Keys,Forward particle tracking from source region toward Florida Keys receiving regions.,source station with upper-5-m salinity <=34 PSU,This is a particle release/start point from the freshwater source region.
WS0603,strong_selected_cruise,2006-01-18,2006-01-25,2006-01-18 to 2006-01-25,8,2006-01-11,2006-01-25,2006-01-11 to 2006-01-25,15,source_release_point,Everglades,54,25.34366667,-81.15433333,Release particles from this source station during the model window.,Lower Keys; Middle Keys; Upper Keys,Forward particle tracking from source region toward Florida Keys receiving regions.,source station with upper-5-m salinity <=34 PSU; source station with upper-5-m salinity <32 PSU,This is a particle release/start point from the freshwater source region.
WS0603,strong_selected_cruise,2006-01-18,2006-01-25,2006-01-18 to 2006-01-25,8,2006-01-11,2006-01-25,2006-01-11 to 2006-01-25,15,source_release_point,Everglades,55,25.35,-81.19491667,Release particles from this source station during the model window.,Lower Keys; Middle Keys; Upper Keys,Forward particle tracking from source region toward Florida Keys receiving regions.,source station with upper-5-m salinity <=34 PSU; source station with upper-5-m salinity <32 PSU,This is a particle release/start point from the freshwater source region.
WS0603,strong_selected_cruise,2006-01-18,2006-01-25,2006-01-18 to 2006-01-25,8,2006-01-11,2006-01-25,2006-01-11 to 2006-01-25,15,source_release_point,Everglades,56,25.35,-81.22766667,Release particles from this source station during the model window.,Lower Keys; Middle Keys; Upper Keys,Forward particle tracking from source region toward Florida Keys receiving regions.,source station with upper-5-m salinity <=34 PSU,This is a particle release/start point from the freshwater source region.
WS0603,strong_selected_cruise,2006-01-18,2006-01-25,2006-01-18 to 2006-01-25,8,2006-01-11,2006-01-25,2006-01-11 to 2006-01-25,15,source_release_point,Everglades,61,25.1655,-81.27383333,Release particles from this source station during the model window.,Lower Keys; Middle Keys; Upper Keys,Forward particle tracking from source region toward Florida Keys receiving regions.,source station with upper-5-m salinity <=34 PSU,This is a particle release/start point from the freshwater source region.
WS0603,strong_selected_cruise,2006-01-18,2006-01-25,2006-01-18 to 2006-01-25,8,2006-01-11,2006-01-25,2006-01-11 to 2006-01-25,15,source_release_point,Everglades,62,25.16383333,-81.23583333,Release particles from this source station during the model window.,Lower Keys; Middle Keys; Upper Keys,Forward particle tracking from source region toward Florida Keys receiving regions.,source station with upper-5-m salinity <=34 PSU,This is a particle release/start point from the freshwater source region.
WS0603,strong_selected_cruise,2006-01-18,2006-01-25,2006-01-18 to 2006-01-25,8,2006-01-11,2006-01-25,2006-01-11 to 2006-01-25,15,source_release_point,Everglades,63,25.16566667,-81.199,Release particles from this source station during the model window.,Lower Keys; Middle Keys; Upper Keys,Forward particle tracking from source region toward Florida Keys receiving regions.,source station with upper-5-m salinity <=34 PSU; source station with upper-5-m salinity <32 PSU,This is a particle release/start point from the freshwater source region.
WS0603,strong_selected_cruise,2006-01-18,2006-01-25,2006-01-18 to 2006-01-25,8,2006-01-11,2006-01-25,2006-01-11 to 2006-01-25,15,source_release_point,Everglades,66,25.068,-81.10883333,Release particles from this source station during the model window.,Lower Keys; Middle Keys; Upper Keys,Forward particle tracking from source region toward Florida Keys receiving regions.,source station with upper-5-m salinity <=34 PSU; source station with upper-5-m salinity <32 PSU,This is a particle release/start point from the freshwater source region.
WS0603,strong_selected_cruise,2006-01-18,2006-01-25,2006-01-18 to 2006-01-25,8,2006-01-11,2006-01-25,2006-01-11 to 2006-01-25,15,source_release_point,Everglades,67,25.02933333,-81.12716667,Release particles from this source station during the model window.,Lower Keys; Middle Keys; Upper Keys,Forward particle tracking from source region toward Florida Keys receiving regions.,source station with upper-5-m salinity <=34 PSU,This is a particle release/start point from the freshwater source region.
WS0603,strong_selected_cruise,2006-01-18,2006-01-25,2006-01-18 to 2006-01-25,8,2006-01-11,2006-01-25,2006-01-11 to 2006-01-25,15,source_release_point,Everglades,68,24.927,-81.16733333,Release particles from this source station during the model window.,Lower Keys; Middle Keys; Upper Keys,Forward particle tracking from source region toward Florida Keys receiving regions.,source station with upper-5-m salinity <=34 PSU,This is a particle release/start point from the freshwater source region.
WS0603,strong_selected_cruise,2006-01-18,2006-01-25,2006-01-18 to 2006-01-25,8,2006-01-11,2006-01-25,2006-01-11 to 2006-01-25,15,source_release_point,Everglades,71,24.93016667,-80.96233333,Release particles from this source station during the model window.,Lower Keys; Middle Keys; Upper Keys,Forward particle tracking from source region toward Florida Keys receiving regions.,source station with upper-5-m salinity <=34 PSU,This is a particle release/start point from the freshwater source region.
WS0603,strong_selected_cruise,2006-01-18,2006-01-25,2006-01-18 to 2006-01-25,8,2006-01-11,2006-01-25,2006-01-11 to 2006-01-25,15,source_release_point,Ten Thousand Islands,34,25.94883333,-81.7685,Release particles from this source station during the model window.,Lower Keys; Middle Keys; Upper Keys,Forward particle tracking from source region toward Florida Keys receiving regions.,source station with upper-5-m salinity <=34 PSU,This is a particle release/start point from the freshwater source region.
WS0603,strong_selected_cruise,2006-01-18,2006-01-25,2006-01-18 to 2006-01-25,8,2006-01-11,2006-01-25,2006-01-11 to 2006-01-25,15,source_release_point,Ten Thousand Islands,39,25.78366667,-81.48216667,Release particles from this source station during the model window.,Lower Keys; Middle Keys; Upper Keys,Forward particle tracking from source region toward Florida Keys receiving regions.,source station with upper-5-m salinity <=34 PSU,This is a particle release/start point from the freshwater source region.
WS0603,strong_selected_cruise,2006-01-18,2006-01-25,2006-01-18 to 2006-01-25,8,2006-01-11,2006-01-25,2006-01-11 to 2006-01-25,15,source_release_point,Ten Thousand Islands,41,25.73316667,-81.57566667,Release particles from this source station during the model window.,Lower Keys; Middle Keys; Upper Keys,Forward particle tracking from source region toward Florida Keys receiving regions.,source station with upper-5-m salinity <=34 PSU,This is a particle release/start point from the freshwater source region.
WS0603,strong_selected_cruise,2006-01-18,2006-01-25,2006-01-18 to 2006-01-25,8,2006-01-11,2006-01-25,2006-01-11 to 2006-01-25,15,source_release_point,Ten Thousand Islands,46,25.58283333,-81.408,Release particles from this source station during the model window.,Lower Keys; Middle Keys; Upper Keys,Forward particle tracking from source region toward Florida Keys receiving regions.,source station with upper-5-m salinity <=34 PSU,This is a particle release/start point from the freshwater source region.
WS0603,strong_selected_cruise,2006-01-18,2006-01-25,2006-01-18 to 2006-01-25,8,2006-01-11,2006-01-25,2006-01-11 to 2006-01-25,15,source_release_point,Ten Thousand Islands,47,25.58316667,-81.3665,Release particles from this source station during the model window.,Lower Keys; Middle Keys; Upper Keys,Forward particle tracking from source region toward Florida Keys receiving regions.,source station with upper-5-m salinity <=34 PSU,This is a particle release/start point from the freshwater source region.
WS16004,strong_selected_cruise,2016-01-04,2016-01-07,2016-01-04 to 2016-01-07,4,2015-12-28,2016-01-07,2015-12-28 to 2016-01-07,11,keys_receiving_check_point,Lower Keys,21LK,24.53583333,-81.413,Do not release particles from this station; use as receiving/check location.,Lower Keys,Use this Keys station/region as a receiving endpoint to evaluate whether particles approach or arrive near it.,Florida Keys receiving/check station sampled during the same cruise,This is not a release point. It is included to show the Keys receiving station/region sampled during the same cruise where particle arrival should be checked.
WS16004,strong_selected_cruise,2016-01-04,2016-01-07,2016-01-04 to 2016-01-07,4,2015-12-28,2016-01-07,2015-12-28 to 2016-01-07,11,keys_receiving_check_point,Lower Keys,WS,24.47583333,-81.717,Do not release particles from this station; use as receiving/check location.,Lower Keys,Use this Keys station/region as a receiving endpoint to evaluate whether particles approach or arrive near it.,Florida Keys receiving/check station sampled during the same cruise,This is not a release point. It is included to show the Keys receiving station/region sampled during the same cruise where particle arrival should be checked.
WS16004,strong_selected_cruise,2016-01-04,2016-01-07,2016-01-04 to 2016-01-07,4,2015-12-28,2016-01-07,2015-12-28 to 2016-01-07,11,keys_receiving_check_point,Middle Keys,10,24.786,-80.86016667,Do not release particles from this station; use as receiving/check location.,Middle Keys,Use this Keys station/region as a receiving endpoint to evaluate whether particles approach or arrive near it.,Florida Keys receiving/check station sampled during the same cruise,This is not a release point. It is included to show the Keys receiving station/region sampled during the same cruise where particle arrival should be checked.
WS16004,strong_selected_cruise,2016-01-04,2016-01-07,2016-01-04 to 2016-01-07,4,2015-12-28,2016-01-07,2015-12-28 to 2016-01-07,11,keys_receiving_check_point,Middle Keys,12,24.70983333,-80.833,Do not release particles from this station; use as receiving/check location.,Middle Keys,Use this Keys station/region as a receiving endpoint to evaluate whether particles approach or arrive near it.,Florida Keys receiving/check station sampled during the same cruise,This is not a release point. It is included to show the Keys receiving station/region sampled during the same cruise where particle arrival should be checked.
WS16004,strong_selected_cruise,2016-01-04,2016-01-07,2016-01-04 to 2016-01-07,4,2015-12-28,2016-01-07,2015-12-28 to 2016-01-07,11,keys_receiving_check_point,Middle Keys,16,24.67466667,-81.20366667,Do not release particles from this station; use as receiving/check location.,Middle Keys,Use this Keys station/region as a receiving endpoint to evaluate whether particles approach or arrive near it.,Florida Keys receiving/check station sampled during the same cruise,This is not a release point. It is included to show the Keys receiving station/region sampled during the same cruise where particle arrival should be checked.
WS16004,strong_selected_cruise,2016-01-04,2016-01-07,2016-01-04 to 2016-01-07,4,2015-12-28,2016-01-07,2015-12-28 to 2016-01-07,11,keys_receiving_check_point,Middle Keys,18,24.59616667,-81.18483333,Do not release particles from this station; use as receiving/check location.,Middle Keys,Use this Keys station/region as a receiving endpoint to evaluate whether particles approach or arrive near it.,Florida Keys receiving/check station sampled during the same cruise,This is not a release point. It is included to show the Keys receiving station/region sampled during the same cruise where particle arrival should be checked.
WS16004,strong_selected_cruise,2016-01-04,2016-01-07,2016-01-04 to 2016-01-07,4,2015-12-28,2016-01-07,2015-12-28 to 2016-01-07,11,keys_receiving_check_point,Middle Keys,7,24.81916667,-80.75383333,Do not release particles from this station; use as receiving/check location.,Middle Keys,Use this Keys station/region as a receiving endpoint to evaluate whether particles approach or arrive near it.,Florida Keys receiving/check station sampled during the same cruise,This is not a release point. It is included to show the Keys receiving station/region sampled during the same cruise where particle arrival should be checked.
WS16004,strong_selected_cruise,2016-01-04,2016-01-07,2016-01-04 to 2016-01-07,4,2015-12-28,2016-01-07,2015-12-28 to 2016-01-07,11,keys_receiving_check_point,Middle Keys,9,24.75933333,-80.72266667,Do not release particles from this station; use as receiving/check location.,Middle Keys,Use this Keys station/region as a receiving endpoint to evaluate whether particles approach or arrive near it.,Florida Keys receiving/check station sampled during the same cruise,This is not a release point. It is included to show the Keys receiving station/region sampled during the same cruise where particle arrival should be checked.
WS16004,strong_selected_cruise,2016-01-04,2016-01-07,2016-01-04 to 2016-01-07,4,2015-12-28,2016-01-07,2015-12-28 to 2016-01-07,11,keys_receiving_check_point,Middle Keys,9.5,24.713,-80.69016667,Do not release particles from this station; use as receiving/check location.,Middle Keys,Use this Keys station/region as a receiving endpoint to evaluate whether particles approach or arrive near it.,Florida Keys receiving/check station sampled during the same cruise,This is not a release point. It is included to show the Keys receiving station/region sampled during the same cruise where particle arrival should be checked.
WS16004,strong_selected_cruise,2016-01-04,2016-01-07,2016-01-04 to 2016-01-07,4,2015-12-28,2016-01-07,2015-12-28 to 2016-01-07,11,keys_receiving_check_point,Upper Keys,2,25.64166667,-80.1045,Do not release particles from this station; use as receiving/check location.,Upper Keys,Use this Keys station/region as a receiving endpoint to evaluate whether particles approach or arrive near it.,Florida Keys receiving/check station sampled during the same cruise,This is not a release point. It is included to show the Keys receiving station/region sampled during the same cruise where particle arrival should be checked.
WS16004,strong_selected_cruise,2016-01-04,2016-01-07,2016-01-04 to 2016-01-07,4,2015-12-28,2016-01-07,2015-12-28 to 2016-01-07,11,keys_receiving_check_point,Upper Keys,MR,25.008,-80.38233333,Do not release particles from this station; use as receiving/check location.,Upper Keys,Use this Keys station/region as a receiving endpoint to evaluate whether particles approach or arrive near it.,Florida Keys receiving/check station sampled during the same cruise,This is not a release point. It is included to show the Keys receiving station/region sampled during the same cruise where particle arrival should be checked.
WS16004,strong_selected_cruise,2016-01-04,2016-01-07,2016-01-04 to 2016-01-07,4,2015-12-28,2016-01-07,2015-12-28 to 2016-01-07,11,source_release_point,Everglades,51,25.45316667,-81.30916667,Release particles from this source station during the model window.,Lower Keys; Middle Keys; Upper Keys,Forward particle tracking from source region toward Florida Keys receiving regions.,source station with upper-5-m salinity <=34 PSU,This is a particle release/start point from the freshwater source region.
WS16004,strong_selected_cruise,2016-01-04,2016-01-07,2016-01-04 to 2016-01-07,4,2015-12-28,2016-01-07,2015-12-28 to 2016-01-07,11,source_release_point,Everglades,54,25.34516667,-81.15533333,Release particles from this source station during the model window.,Lower Keys; Middle Keys; Upper Keys,Forward particle tracking from source region toward Florida Keys receiving regions.,source station with upper-5-m salinity <=34 PSU; source station with upper-5-m salinity <32 PSU,This is a particle release/start point from the freshwater source region.
WS16004,strong_selected_cruise,2016-01-04,2016-01-07,2016-01-04 to 2016-01-07,4,2015-12-28,2016-01-07,2015-12-28 to 2016-01-07,11,source_release_point,Everglades,55,25.34783333,-81.19616667,Release particles from this source station during the model window.,Lower Keys; Middle Keys; Upper Keys,Forward particle tracking from source region toward Florida Keys receiving regions.,source station with upper-5-m salinity <=34 PSU,This is a particle release/start point from the freshwater source region.
WS17282,strong_selected_cruise,2017-10-09,2017-10-12,2017-10-09 to 2017-10-12,4,2017-10-02,2017-10-12,2017-10-02 to 2017-10-12,11,keys_receiving_check_point,Lower Keys,19,24.60933333,-81.42133333,Do not release particles from this station; use as receiving/check location.,Lower Keys,Use this Keys station/region as a receiving endpoint to evaluate whether particles approach or arrive near it.,Florida Keys receiving/check station sampled during the same cruise,This is not a release point. It is included to show the Keys receiving station/region sampled during the same cruise where particle arrival should be checked.
WS17282,strong_selected_cruise,2017-10-09,2017-10-12,2017-10-09 to 2017-10-12,4,2017-10-02,2017-10-12,2017-10-02 to 2017-10-12,11,keys_receiving_check_point,Lower Keys,20,24.57433333,-81.421,Do not release particles from this station; use as receiving/check location.,Lower Keys,Use this Keys station/region as a receiving endpoint to evaluate whether particles approach or arrive near it.,Florida Keys receiving/check station sampled during the same cruise,This is not a release point. It is included to show the Keys receiving station/region sampled during the same cruise where particle arrival should be checked.
WS17282,strong_selected_cruise,2017-10-09,2017-10-12,2017-10-09 to 2017-10-12,4,2017-10-02,2017-10-12,2017-10-02 to 2017-10-12,11,keys_receiving_check_point,Lower Keys,21.5,24.48333333,-81.39166667,Do not release particles from this station; use as receiving/check location.,Lower Keys,Use this Keys station/region as a receiving endpoint to evaluate whether particles approach or arrive near it.,Florida Keys receiving/check station sampled during the same cruise,This is not a release point. It is included to show the Keys receiving station/region sampled during the same cruise where particle arrival should be checked.
WS17282,strong_selected_cruise,2017-10-09,2017-10-12,2017-10-09 to 2017-10-12,4,2017-10-02,2017-10-12,2017-10-02 to 2017-10-12,11,keys_receiving_check_point,Lower Keys,21LK,24.532,-81.417,Do not release particles from this station; use as receiving/check location.,Lower Keys,Use this Keys station/region as a receiving endpoint to evaluate whether particles approach or arrive near it.,Florida Keys receiving/check station sampled during the same cruise,This is not a release point. It is included to show the Keys receiving station/region sampled during the same cruise where particle arrival should be checked.
WS17282,strong_selected_cruise,2017-10-09,2017-10-12,2017-10-09 to 2017-10-12,4,2017-10-02,2017-10-12,2017-10-02 to 2017-10-12,11,keys_receiving_check_point,Lower Keys,22,24.45366667,-81.832,Do not release particles from this station; use as receiving/check location.,Lower Keys,Use this Keys station/region as a receiving endpoint to evaluate whether particles approach or arrive near it.,Florida Keys receiving/check station sampled during the same cruise,This is not a release point. It is included to show the Keys receiving station/region sampled during the same cruise where particle arrival should be checked.
WS17282,strong_selected_cruise,2017-10-09,2017-10-12,2017-10-09 to 2017-10-12,4,2017-10-02,2017-10-12,2017-10-02 to 2017-10-12,11,keys_receiving_check_point,Lower Keys,22.5,24.39533333,-81.832,Do not release particles from this station; use as receiving/check location.,Lower Keys,Use this Keys station/region as a receiving endpoint to evaluate whether particles approach or arrive near it.,Florida Keys receiving/check station sampled during the same cruise,This is not a release point. It is included to show the Keys receiving station/region sampled during the same cruise where particle arrival should be checked.
WS17282,strong_selected_cruise,2017-10-09,2017-10-12,2017-10-09 to 2017-10-12,4,2017-10-02,2017-10-12,2017-10-02 to 2017-10-12,11,keys_receiving_check_point,Lower Keys,23,24.48616667,-81.82866667,Do not release particles from this station; use as receiving/check location.,Lower Keys,Use this Keys station/region as a receiving endpoint to evaluate whether particles approach or arrive near it.,Florida Keys receiving/check station sampled during the same cruise,This is not a release point. It is included to show the Keys receiving station/region sampled during the same cruise where particle arrival should be checked.
WS17282,strong_selected_cruise,2017-10-09,2017-10-12,2017-10-09 to 2017-10-12,4,2017-10-02,2017-10-12,2017-10-02 to 2017-10-12,11,keys_receiving_check_point,Lower Keys,24,24.536,-81.83066667,Do not release particles from this station; use as receiving/check location.,Lower Keys,Use this Keys station/region as a receiving endpoint to evaluate whether particles approach or arrive near it.,Florida Keys receiving/check station sampled during the same cruise,This is not a release point. It is included to show the Keys receiving station/region sampled during the same cruise where particle arrival should be checked.
WS17282,strong_selected_cruise,2017-10-09,2017-10-12,2017-10-09 to 2017-10-12,4,2017-10-02,2017-10-12,2017-10-02 to 2017-10-12,11,keys_receiving_check_point,Lower Keys,WS,24.47583333,-81.717,Do not release particles from this station; use as receiving/check location.,Lower Keys,Use this Keys station/region as a receiving endpoint to evaluate whether particles approach or arrive near it.,Florida Keys receiving/check station sampled during the same cruise,This is not a release point. It is included to show the Keys receiving station/region sampled during the same cruise where particle arrival should be checked.
WS17282,strong_selected_cruise,2017-10-09,2017-10-12,2017-10-09 to 2017-10-12,4,2017-10-02,2017-10-12,2017-10-02 to 2017-10-12,11,keys_receiving_check_point,Middle Keys,10,24.78766667,-80.86016667,Do not release particles from this station; use as receiving/check location.,Middle Keys,Use this Keys station/region as a receiving endpoint to evaluate whether particles approach or arrive near it.,Florida Keys receiving/check station sampled during the same cruise,This is not a release point. It is included to show the Keys receiving station/region sampled during the same cruise where particle arrival should be checked.
WS17282,strong_selected_cruise,2017-10-09,2017-10-12,2017-10-09 to 2017-10-12,4,2017-10-02,2017-10-12,2017-10-02 to 2017-10-12,11,keys_receiving_check_point,Middle Keys,11,24.7535,-80.84733333,Do not release particles from this station; use as receiving/check location.,Middle Keys,Use this Keys station/region as a receiving endpoint to evaluate whether particles approach or arrive near it.,Florida Keys receiving/check station sampled during the same cruise,This is not a release point. It is included to show the Keys receiving station/region sampled during the same cruise where particle arrival should be checked.
WS17282,strong_selected_cruise,2017-10-09,2017-10-12,2017-10-09 to 2017-10-12,4,2017-10-02,2017-10-12,2017-10-02 to 2017-10-12,11,keys_receiving_check_point,Middle Keys,12,24.7135,-80.831,Do not release particles from this station; use as receiving/check location.,Middle Keys,Use this Keys station/region as a receiving endpoint to evaluate whether particles approach or arrive near it.,Florida Keys receiving/check station sampled during the same cruise,This is not a release point. It is included to show the Keys receiving station/region sampled during the same cruise where particle arrival should be checked.
WS17282,strong_selected_cruise,2017-10-09,2017-10-12,2017-10-09 to 2017-10-12,4,2017-10-02,2017-10-12,2017-10-02 to 2017-10-12,11,keys_receiving_check_point,Middle Keys,14,24.677,-81.02466667,Do not release particles from this station; use as receiving/check location.,Middle Keys,Use this Keys station/region as a receiving endpoint to evaluate whether particles approach or arrive near it.,Florida Keys receiving/check station sampled during the same cruise,This is not a release point. It is included to show the Keys receiving station/region sampled during the same cruise where particle arrival should be checked.
WS17282,strong_selected_cruise,2017-10-09,2017-10-12,2017-10-09 to 2017-10-12,4,2017-10-02,2017-10-12,2017-10-02 to 2017-10-12,11,keys_receiving_check_point,Middle Keys,15,24.64566667,-81.01966667,Do not release particles from this station; use as receiving/check location.,Middle Keys,Use this Keys station/region as a receiving endpoint to evaluate whether particles approach or arrive near it.,Florida Keys receiving/check station sampled during the same cruise,This is not a release point. It is included to show the Keys receiving station/region sampled during the same cruise where particle arrival should be checked.
WS17282,strong_selected_cruise,2017-10-09,2017-10-12,2017-10-09 to 2017-10-12,4,2017-10-02,2017-10-12,2017-10-02 to 2017-10-12,11,keys_receiving_check_point,Middle Keys,15.5,24.595,-80.99533333,Do not release particles from this station; use as receiving/check location.,Middle Keys,Use this Keys station/region as a receiving endpoint to evaluate whether particles approach or arrive near it.,Florida Keys receiving/check station sampled during the same cruise,This is not a release point. It is included to show the Keys receiving station/region sampled during the same cruise where particle arrival should be checked.
WS17282,strong_selected_cruise,2017-10-09,2017-10-12,2017-10-09 to 2017-10-12,4,2017-10-02,2017-10-12,2017-10-02 to 2017-10-12,11,keys_receiving_check_point,Middle Keys,16,24.67616667,-81.20566667,Do not release particles from this station; use as receiving/check location.,Middle Keys,Use this Keys station/region as a receiving endpoint to evaluate whether particles approach or arrive near it.,Florida Keys receiving/check station sampled during the same cruise,This is not a release point. It is included to show the Keys receiving station/region sampled during the same cruise where particle arrival should be checked.
WS17282,strong_selected_cruise,2017-10-09,2017-10-12,2017-10-09 to 2017-10-12,4,2017-10-02,2017-10-12,2017-10-02 to 2017-10-12,11,keys_receiving_check_point,Middle Keys,17,24.636,-81.19716667,Do not release particles from this station; use as receiving/check location.,Middle Keys,Use this Keys station/region as a receiving endpoint to evaluate whether particles approach or arrive near it.,Florida Keys receiving/check station sampled during the same cruise,This is not a release point. It is included to show the Keys receiving station/region sampled during the same cruise where particle arrival should be checked.
WS17282,strong_selected_cruise,2017-10-09,2017-10-12,2017-10-09 to 2017-10-12,4,2017-10-02,2017-10-12,2017-10-02 to 2017-10-12,11,keys_receiving_check_point,Middle Keys,18,24.576,-81.18216667,Do not release particles from this station; use as receiving/check location.,Middle Keys,Use this Keys station/region as a receiving endpoint to evaluate whether particles approach or arrive near it.,Florida Keys receiving/check station sampled during the same cruise,This is not a release point. It is included to show the Keys receiving station/region sampled during the same cruise where particle arrival should be checked.
WS17282,strong_selected_cruise,2017-10-09,2017-10-12,2017-10-09 to 2017-10-12,4,2017-10-02,2017-10-12,2017-10-02 to 2017-10-12,11,keys_receiving_check_point,Middle Keys,8,24.791,-80.74516667,Do not release particles from this station; use as receiving/check location.,Middle Keys,Use this Keys station/region as a receiving endpoint to evaluate whether particles approach or arrive near it.,Florida Keys receiving/check station sampled during the same cruise,This is not a release point. It is included to show the Keys receiving station/region sampled during the same cruise where particle arrival should be checked.
WS17282,strong_selected_cruise,2017-10-09,2017-10-12,2017-10-09 to 2017-10-12,4,2017-10-02,2017-10-12,2017-10-02 to 2017-10-12,11,keys_receiving_check_point,Middle Keys,9,24.764,-80.72433333,Do not release particles from this station; use as receiving/check location.,Middle Keys,Use this Keys station/region as a receiving endpoint to evaluate whether particles approach or arrive near it.,Florida Keys receiving/check station sampled during the same cruise,This is not a release point. It is included to show the Keys receiving station/region sampled during the same cruise where particle arrival should be checked.
WS17282,strong_selected_cruise,2017-10-09,2017-10-12,2017-10-09 to 2017-10-12,4,2017-10-02,2017-10-12,2017-10-02 to 2017-10-12,11,keys_receiving_check_point,Middle Keys,9.5,24.724,-80.68883333,Do not release particles from this station; use as receiving/check location.,Middle Keys,Use this Keys station/region as a receiving endpoint to evaluate whether particles approach or arrive near it.,Florida Keys receiving/check station sampled during the same cruise,This is not a release point. It is included to show the Keys receiving station/region sampled during the same cruise where particle arrival should be checked.
WS17282,strong_selected_cruise,2017-10-09,2017-10-12,2017-10-09 to 2017-10-12,4,2017-10-02,2017-10-12,2017-10-02 to 2017-10-12,11,keys_receiving_check_point,Upper Keys,1,25.64383333,-80.12866667,Do not release particles from this station; use as receiving/check location.,Upper Keys,Use this Keys station/region as a receiving endpoint to evaluate whether particles approach or arrive near it.,Florida Keys receiving/check station sampled during the same cruise,This is not a release point. It is included to show the Keys receiving station/region sampled during the same cruise where particle arrival should be checked.
WS17282,strong_selected_cruise,2017-10-09,2017-10-12,2017-10-09 to 2017-10-12,4,2017-10-02,2017-10-12,2017-10-02 to 2017-10-12,11,keys_receiving_check_point,Upper Keys,2,25.641,-80.107,Do not release particles from this station; use as receiving/check location.,Upper Keys,Use this Keys station/region as a receiving endpoint to evaluate whether particles approach or arrive near it.,Florida Keys receiving/check station sampled during the same cruise,This is not a release point. It is included to show the Keys receiving station/region sampled during the same cruise where particle arrival should be checked.
WS17282,strong_selected_cruise,2017-10-09,2017-10-12,2017-10-09 to 2017-10-12,4,2017-10-02,2017-10-12,2017-10-02 to 2017-10-12,11,keys_receiving_check_point,Upper Keys,3,25.64683333,-80.08366667,Do not release particles from this station; use as receiving/check location.,Upper Keys,Use this Keys station/region as a receiving endpoint to evaluate whether particles approach or arrive near it.,Florida Keys receiving/check station sampled during the same cruise,This is not a release point. It is included to show the Keys receiving station/region sampled during the same cruise where particle arrival should be checked.
WS17282,strong_selected_cruise,2017-10-09,2017-10-12,2017-10-09 to 2017-10-12,4,2017-10-02,2017-10-12,2017-10-02 to 2017-10-12,11,keys_receiving_check_point,Upper Keys,5,25.09116667,-80.3565,Do not release particles from this station; use as receiving/check location.,Upper Keys,Use this Keys station/region as a receiving endpoint to evaluate whether particles approach or arrive near it.,Florida Keys receiving/check station sampled during the same cruise,This is not a release point. It is included to show the Keys receiving station/region sampled during the same cruise where particle arrival should be checked.
WS17282,strong_selected_cruise,2017-10-09,2017-10-12,2017-10-09 to 2017-10-12,4,2017-10-02,2017-10-12,2017-10-02 to 2017-10-12,11,keys_receiving_check_point,Upper Keys,6,25.06283333,-80.316,Do not release particles from this station; use as receiving/check location.,Upper Keys,Use this Keys station/region as a receiving endpoint to evaluate whether particles approach or arrive near it.,Florida Keys receiving/check station sampled during the same cruise,This is not a release point. It is included to show the Keys receiving station/region sampled during the same cruise where particle arrival should be checked.
WS17282,strong_selected_cruise,2017-10-09,2017-10-12,2017-10-09 to 2017-10-12,4,2017-10-02,2017-10-12,2017-10-02 to 2017-10-12,11,keys_receiving_check_point,Upper Keys,6.5,25.0485,-80.28966667,Do not release particles from this station; use as receiving/check location.,Upper Keys,Use this Keys station/region as a receiving endpoint to evaluate whether particles approach or arrive near it.,Florida Keys receiving/check station sampled during the same cruise,This is not a release point. It is included to show the Keys receiving station/region sampled during the same cruise where particle arrival should be checked.
WS17282,strong_selected_cruise,2017-10-09,2017-10-12,2017-10-09 to 2017-10-12,4,2017-10-02,2017-10-12,2017-10-02 to 2017-10-12,11,keys_receiving_check_point,Upper Keys,EKIN,25.33383333,-80.22583333,Do not release particles from this station; use as receiving/check location.,Upper Keys,Use this Keys station/region as a receiving endpoint to evaluate whether particles approach or arrive near it.,Florida Keys receiving/check station sampled during the same cruise,This is not a release point. It is included to show the Keys receiving station/region sampled during the same cruise where particle arrival should be checked.
WS17282,strong_selected_cruise,2017-10-09,2017-10-12,2017-10-09 to 2017-10-12,4,2017-10-02,2017-10-12,2017-10-02 to 2017-10-12,11,keys_receiving_check_point,Upper Keys,EKOFF,25.29483333,-80.16233333,Do not release particles from this station; use as receiving/check location.,Upper Keys,Use this Keys station/region as a receiving endpoint to evaluate whether particles approach or arrive near it.,Florida Keys receiving/check station sampled during the same cruise,This is not a release point. It is included to show the Keys receiving station/region sampled during the same cruise where particle arrival should be checked.
WS17282,strong_selected_cruise,2017-10-09,2017-10-12,2017-10-09 to 2017-10-12,4,2017-10-02,2017-10-12,2017-10-02 to 2017-10-12,11,keys_receiving_check_point,Upper Keys,MR,25.00533333,-80.37283333,Do not release particles from this station; use as receiving/check location.,Upper Keys,Use this Keys station/region as a receiving endpoint to evaluate whether particles approach or arrive near it.,Florida Keys receiving/check station sampled during the same cruise,This is not a release point. It is included to show the Keys receiving station/region sampled during the same cruise where particle arrival should be checked.
WS17282,strong_selected_cruise,2017-10-09,2017-10-12,2017-10-09 to 2017-10-12,4,2017-10-02,2017-10-12,2017-10-02 to 2017-10-12,11,keys_receiving_check_point,Upper Keys,UKIN,24.93516667,-80.566,Do not release particles from this station; use as receiving/check location.,Upper Keys,Use this Keys station/region as a receiving endpoint to evaluate whether particles approach or arrive near it.,Florida Keys receiving/check station sampled during the same cruise,This is not a release point. It is included to show the Keys receiving station/region sampled during the same cruise where particle arrival should be checked.
WS17282,strong_selected_cruise,2017-10-09,2017-10-12,2017-10-09 to 2017-10-12,4,2017-10-02,2017-10-12,2017-10-02 to 2017-10-12,11,keys_receiving_check_point,Upper Keys,UKOFF,24.89666667,-80.5295,Do not release particles from this station; use as receiving/check location.,Upper Keys,Use this Keys station/region as a receiving endpoint to evaluate whether particles approach or arrive near it.,Florida Keys receiving/check station sampled during the same cruise,This is not a release point. It is included to show the Keys receiving station/region sampled during the same cruise where particle arrival should be checked.
WS17282,strong_selected_cruise,2017-10-09,2017-10-12,2017-10-09 to 2017-10-12,4,2017-10-02,2017-10-12,2017-10-02 to 2017-10-12,11,source_release_point,Everglades,50,25.453,-81.35116667,Release particles from this source station during the model window.,Lower Keys; Middle Keys; Upper Keys,Forward particle tracking from source region toward Florida Keys receiving regions.,source station with upper-5-m salinity <=34 PSU; source station with upper-5-m salinity <32 PSU,This is a particle release/start point from the freshwater source region.
WS17282,strong_selected_cruise,2017-10-09,2017-10-12,2017-10-09 to 2017-10-12,4,2017-10-02,2017-10-12,2017-10-02 to 2017-10-12,11,source_release_point,Everglades,51,25.453,-81.30983333,Release particles from this source station during the model window.,Lower Keys; Middle Keys; Upper Keys,Forward particle tracking from source region toward Florida Keys receiving regions.,source station with upper-5-m salinity <=34 PSU; source station with upper-5-m salinity <32 PSU,This is a particle release/start point from the freshwater source region.
WS17282,strong_selected_cruise,2017-10-09,2017-10-12,2017-10-09 to 2017-10-12,4,2017-10-02,2017-10-12,2017-10-02 to 2017-10-12,11,source_release_point,Everglades,57,25.3505,-81.26633333,Release particles from this source station during the model window.,Lower Keys; Middle Keys; Upper Keys,Forward particle tracking from source region toward Florida Keys receiving regions.,source station with upper-5-m salinity <=34 PSU; source station with upper-5-m salinity <32 PSU,This is a particle release/start point from the freshwater source region.
WS17282,strong_selected_cruise,2017-10-09,2017-10-12,2017-10-09 to 2017-10-12,4,2017-10-02,2017-10-12,2017-10-02 to 2017-10-12,11,source_release_point,Everglades,57.1,25.35033333,-81.33716667,Release particles from this source station during the model window.,Lower Keys; Middle Keys; Upper Keys,Forward particle tracking from source region toward Florida Keys receiving regions.,source station with upper-5-m salinity <=34 PSU,This is a particle release/start point from the freshwater source region.
WS17282,strong_selected_cruise,2017-10-09,2017-10-12,2017-10-09 to 2017-10-12,4,2017-10-02,2017-10-12,2017-10-02 to 2017-10-12,11,source_release_point,Everglades,64,25.16616667,-81.15833333,Release particles from this source station during the model window.,Lower Keys; Middle Keys; Upper Keys,Forward particle tracking from source region toward Florida Keys receiving regions.,source station with upper-5-m salinity <=34 PSU,This is a particle release/start point from the freshwater source region.
WS17282,strong_selected_cruise,2017-10-09,2017-10-12,2017-10-09 to 2017-10-12,4,2017-10-02,2017-10-12,2017-10-02 to 2017-10-12,11,source_release_point,Everglades,65,25.1015,-81.09416667,Release particles from this source station during the model window.,Lower Keys; Middle Keys; Upper Keys,Forward particle tracking from source region toward Florida Keys receiving regions.,source station with upper-5-m salinity <=34 PSU,This is a particle release/start point from the freshwater source region.
WS17282,strong_selected_cruise,2017-10-09,2017-10-12,2017-10-09 to 2017-10-12,4,2017-10-02,2017-10-12,2017-10-02 to 2017-10-12,11,source_release_point,Everglades,69,24.92916667,-81.09533333,Release particles from this source station during the model window.,Lower Keys; Middle Keys; Upper Keys,Forward particle tracking from source region toward Florida Keys receiving regions.,source station with upper-5-m salinity <=34 PSU,This is a particle release/start point from the freshwater source region.
WS17282,strong_selected_cruise,2017-10-09,2017-10-12,2017-10-09 to 2017-10-12,4,2017-10-02,2017-10-12,2017-10-02 to 2017-10-12,11,source_release_point,Ten Thousand Islands,31,25.74033333,-81.94483333,Release particles from this source station during the model window.,Lower Keys; Middle Keys; Upper Keys,Forward particle tracking from source region toward Florida Keys receiving regions.,source station with upper-5-m salinity <=34 PSU,This is a particle release/start point from the freshwater source region.
WS17282,strong_selected_cruise,2017-10-09,2017-10-12,2017-10-09 to 2017-10-12,4,2017-10-02,2017-10-12,2017-10-02 to 2017-10-12,11,source_release_point,Ten Thousand Islands,32,25.8715,-81.834,Release particles from this source station during the model window.,Lower Keys; Middle Keys; Upper Keys,Forward particle tracking from source region toward Florida Keys receiving regions.,source station with upper-5-m salinity <=34 PSU,This is a particle release/start point from the freshwater source region.
WS17282,strong_selected_cruise,2017-10-09,2017-10-12,2017-10-09 to 2017-10-12,4,2017-10-02,2017-10-12,2017-10-02 to 2017-10-12,11,source_release_point,Ten Thousand Islands,33,25.91066667,-81.79983333,Release particles from this source station during the model window.,Lower Keys; Middle Keys; Upper Keys,Forward particle tracking from source region toward Florida Keys receiving regions.,source station with upper-5-m salinity <=34 PSU,This is a particle release/start point from the freshwater source region.
WS17282,strong_selected_cruise,2017-10-09,2017-10-12,2017-10-09 to 2017-10-12,4,2017-10-02,2017-10-12,2017-10-02 to 2017-10-12,11,source_release_point,Ten Thousand Islands,34,25.94883333,-81.7675,Release particles from this source station during the model window.,Lower Keys; Middle Keys; Upper Keys,Forward particle tracking from source region toward Florida Keys receiving regions.,source station with upper-5-m salinity <=34 PSU,This is a particle release/start point from the freshwater source region.
WS17282,strong_selected_cruise,2017-10-09,2017-10-12,2017-10-09 to 2017-10-12,4,2017-10-02,2017-10-12,2017-10-02 to 2017-10-12,11,source_release_point,Ten Thousand Islands,39,25.7825,-81.48216667,Release particles from this source station during the model window.,Lower Keys; Middle Keys; Upper Keys,Forward particle tracking from source region toward Florida Keys receiving regions.,source station with upper-5-m salinity <=34 PSU; source station with upper-5-m salinity <32 PSU,This is a particle release/start point from the freshwater source region.
WS17282,strong_selected_cruise,2017-10-09,2017-10-12,2017-10-09 to 2017-10-12,4,2017-10-02,2017-10-12,2017-10-02 to 2017-10-12,11,source_release_point,Ten Thousand Islands,41,25.732,-81.57533333,Release particles from this source station during the model window.,Lower Keys; Middle Keys; Upper Keys,Forward particle tracking from source region toward Florida Keys receiving regions.,source station with upper-5-m salinity <=34 PSU; source station with upper-5-m salinity <32 PSU,This is a particle release/start point from the freshwater source region.
WS17282,strong_selected_cruise,2017-10-09,2017-10-12,2017-10-09 to 2017-10-12,4,2017-10-02,2017-10-12,2017-10-02 to 2017-10-12,11,source_release_point,Ten Thousand Islands,42,25.653,-81.71933333,Release particles from this source station during the model window.,Lower Keys; Middle Keys; Upper Keys,Forward particle tracking from source region toward Florida Keys receiving regions.,source station with upper-5-m salinity <=34 PSU,This is a particle release/start point from the freshwater source region.
WS17282,strong_selected_cruise,2017-10-09,2017-10-12,2017-10-09 to 2017-10-12,4,2017-10-02,2017-10-12,2017-10-02 to 2017-10-12,11,source_release_point,Ten Thousand Islands,45,25.58233333,-81.47116667,Release particles from this source station during the model window.,Lower Keys; Middle Keys; Upper Keys,Forward particle tracking from source region toward Florida Keys receiving regions.,source station with upper-5-m salinity <=34 PSU; source station with upper-5-m salinity <32 PSU,This is a particle release/start point from the freshwater source region.
WS17282,strong_selected_cruise,2017-10-09,2017-10-12,2017-10-09 to 2017-10-12,4,2017-10-02,2017-10-12,2017-10-02 to 2017-10-12,11,source_release_point,Ten Thousand Islands,47,25.58308333,-81.3665,Release particles from this source station during the model window.,Lower Keys; Middle Keys; Upper Keys,Forward particle tracking from source region toward Florida Keys receiving regions.,source station with upper-5-m salinity <=34 PSU; source station with upper-5-m salinity <32 PSU,This is a particle release/start point from the freshwater source region.
WS17282,strong_selected_cruise,2017-10-09,2017-10-12,2017-10-09 to 2017-10-12,4,2017-10-02,2017-10-12,2017-10-02 to 2017-10-12,11,source_release_point,Ten Thousand Islands,49,25.583,-81.29216667,Release particles from this source station during the model window.,Lower Keys; Middle Keys; Upper Keys,Forward particle tracking from source region toward Florida Keys receiving regions.,source station with upper-5-m salinity <=34 PSU; source station with upper-5-m salinity <32 PSU,This is a particle release/start point from the freshwater source region.
WS20342,strong_selected_cruise,2020-12-07,2020-12-13,2020-12-07 to 2020-12-13,7,2020-11-30,2020-12-13,2020-11-30 to 2020-12-13,14,keys_receiving_check_point,Lower Keys,21LK,24.53633333,-81.41383333,Do not release particles from this station; use as receiving/check location.,Lower Keys,Use this Keys station/region as a receiving endpoint to evaluate whether particles approach or arrive near it.,Florida Keys receiving/check station sampled during the same cruise,This is not a release point. It is included to show the Keys receiving station/region sampled during the same cruise where particle arrival should be checked.
WS20342,strong_selected_cruise,2020-12-07,2020-12-13,2020-12-07 to 2020-12-13,7,2020-11-30,2020-12-13,2020-11-30 to 2020-12-13,14,keys_receiving_check_point,Lower Keys,KW1,24.652,-81.904,Do not release particles from this station; use as receiving/check location.,Lower Keys,Use this Keys station/region as a receiving endpoint to evaluate whether particles approach or arrive near it.,Florida Keys receiving/check station sampled during the same cruise,This is not a release point. It is included to show the Keys receiving station/region sampled during the same cruise where particle arrival should be checked.
WS20342,strong_selected_cruise,2020-12-07,2020-12-13,2020-12-07 to 2020-12-13,7,2020-11-30,2020-12-13,2020-11-30 to 2020-12-13,14,keys_receiving_check_point,Lower Keys,KW2,24.72533333,-81.915,Do not release particles from this station; use as receiving/check location.,Lower Keys,Use this Keys station/region as a receiving endpoint to evaluate whether particles approach or arrive near it.,Florida Keys receiving/check station sampled during the same cruise,This is not a release point. It is included to show the Keys receiving station/region sampled during the same cruise where particle arrival should be checked.
WS20342,strong_selected_cruise,2020-12-07,2020-12-13,2020-12-07 to 2020-12-13,7,2020-11-30,2020-12-13,2020-11-30 to 2020-12-13,14,keys_receiving_check_point,Lower Keys,WS,24.47766667,-81.71783333,Do not release particles from this station; use as receiving/check location.,Lower Keys,Use this Keys station/region as a receiving endpoint to evaluate whether particles approach or arrive near it.,Florida Keys receiving/check station sampled during the same cruise,This is not a release point. It is included to show the Keys receiving station/region sampled during the same cruise where particle arrival should be checked.
WS20342,strong_selected_cruise,2020-12-07,2020-12-13,2020-12-07 to 2020-12-13,7,2020-11-30,2020-12-13,2020-11-30 to 2020-12-13,14,keys_receiving_check_point,Middle Keys,10,24.78466667,-80.86366667,Do not release particles from this station; use as receiving/check location.,Middle Keys,Use this Keys station/region as a receiving endpoint to evaluate whether particles approach or arrive near it.,Florida Keys receiving/check station sampled during the same cruise,This is not a release point. It is included to show the Keys receiving station/region sampled during the same cruise where particle arrival should be checked.
WS20342,strong_selected_cruise,2020-12-07,2020-12-13,2020-12-07 to 2020-12-13,7,2020-11-30,2020-12-13,2020-11-30 to 2020-12-13,14,keys_receiving_check_point,Middle Keys,12,24.71533333,-80.82866667,Do not release particles from this station; use as receiving/check location.,Middle Keys,Use this Keys station/region as a receiving endpoint to evaluate whether particles approach or arrive near it.,Florida Keys receiving/check station sampled during the same cruise,This is not a release point. It is included to show the Keys receiving station/region sampled during the same cruise where particle arrival should be checked.
WS20342,strong_selected_cruise,2020-12-07,2020-12-13,2020-12-07 to 2020-12-13,7,2020-11-30,2020-12-13,2020-11-30 to 2020-12-13,14,keys_receiving_check_point,Middle Keys,15,24.64233333,-81.01683333,Do not release particles from this station; use as receiving/check location.,Middle Keys,Use this Keys station/region as a receiving endpoint to evaluate whether particles approach or arrive near it.,Florida Keys receiving/check station sampled during the same cruise,This is not a release point. It is included to show the Keys receiving station/region sampled during the same cruise where particle arrival should be checked.
WS20342,strong_selected_cruise,2020-12-07,2020-12-13,2020-12-07 to 2020-12-13,7,2020-11-30,2020-12-13,2020-11-30 to 2020-12-13,14,keys_receiving_check_point,Middle Keys,15.5,24.5925,-80.993,Do not release particles from this station; use as receiving/check location.,Middle Keys,Use this Keys station/region as a receiving endpoint to evaluate whether particles approach or arrive near it.,Florida Keys receiving/check station sampled during the same cruise,This is not a release point. It is included to show the Keys receiving station/region sampled during the same cruise where particle arrival should be checked.
WS20342,strong_selected_cruise,2020-12-07,2020-12-13,2020-12-07 to 2020-12-13,7,2020-11-30,2020-12-13,2020-11-30 to 2020-12-13,14,keys_receiving_check_point,Middle Keys,16,24.67191667,-81.20375,Do not release particles from this station; use as receiving/check location.,Middle Keys,Use this Keys station/region as a receiving endpoint to evaluate whether particles approach or arrive near it.,Florida Keys receiving/check station sampled during the same cruise,This is not a release point. It is included to show the Keys receiving station/region sampled during the same cruise where particle arrival should be checked.
WS20342,strong_selected_cruise,2020-12-07,2020-12-13,2020-12-07 to 2020-12-13,7,2020-11-30,2020-12-13,2020-11-30 to 2020-12-13,14,keys_receiving_check_point,Middle Keys,18,24.59966667,-81.18583333,Do not release particles from this station; use as receiving/check location.,Middle Keys,Use this Keys station/region as a receiving endpoint to evaluate whether particles approach or arrive near it.,Florida Keys receiving/check station sampled during the same cruise,This is not a release point. It is included to show the Keys receiving station/region sampled during the same cruise where particle arrival should be checked.
WS20342,strong_selected_cruise,2020-12-07,2020-12-13,2020-12-07 to 2020-12-13,7,2020-11-30,2020-12-13,2020-11-30 to 2020-12-13,14,keys_receiving_check_point,Middle Keys,7,24.81683333,-80.75508333,Do not release particles from this station; use as receiving/check location.,Middle Keys,Use this Keys station/region as a receiving endpoint to evaluate whether particles approach or arrive near it.,Florida Keys receiving/check station sampled during the same cruise,This is not a release point. It is included to show the Keys receiving station/region sampled during the same cruise where particle arrival should be checked.
WS20342,strong_selected_cruise,2020-12-07,2020-12-13,2020-12-07 to 2020-12-13,7,2020-11-30,2020-12-13,2020-11-30 to 2020-12-13,14,keys_receiving_check_point,Upper Keys,2,25.63966667,-80.1045,Do not release particles from this station; use as receiving/check location.,Upper Keys,Use this Keys station/region as a receiving endpoint to evaluate whether particles approach or arrive near it.,Florida Keys receiving/check station sampled during the same cruise,This is not a release point. It is included to show the Keys receiving station/region sampled during the same cruise where particle arrival should be checked.
WS20342,strong_selected_cruise,2020-12-07,2020-12-13,2020-12-07 to 2020-12-13,7,2020-11-30,2020-12-13,2020-11-30 to 2020-12-13,14,keys_receiving_check_point,Upper Keys,MR,25.00516667,-80.3695,Do not release particles from this station; use as receiving/check location.,Upper Keys,Use this Keys station/region as a receiving endpoint to evaluate whether particles approach or arrive near it.,Florida Keys receiving/check station sampled during the same cruise,This is not a release point. It is included to show the Keys receiving station/region sampled during the same cruise where particle arrival should be checked.
WS20342,strong_selected_cruise,2020-12-07,2020-12-13,2020-12-07 to 2020-12-13,7,2020-11-30,2020-12-13,2020-11-30 to 2020-12-13,14,source_release_point,Everglades,53,25.45016667,-81.2305,Release particles from this source station during the model window.,Lower Keys; Middle Keys; Upper Keys,Forward particle tracking from source region toward Florida Keys receiving regions.,source station with upper-5-m salinity <=34 PSU; source station with upper-5-m salinity <32 PSU,This is a particle release/start point from the freshwater source region.
WS20342,strong_selected_cruise,2020-12-07,2020-12-13,2020-12-07 to 2020-12-13,7,2020-11-30,2020-12-13,2020-11-30 to 2020-12-13,14,source_release_point,Everglades,55,25.3505,-81.197,Release particles from this source station during the model window.,Lower Keys; Middle Keys; Upper Keys,Forward particle tracking from source region toward Florida Keys receiving regions.,source station with upper-5-m salinity <=34 PSU; source station with upper-5-m salinity <32 PSU,This is a particle release/start point from the freshwater source region.
WS20342,strong_selected_cruise,2020-12-07,2020-12-13,2020-12-07 to 2020-12-13,7,2020-11-30,2020-12-13,2020-11-30 to 2020-12-13,14,source_release_point,Everglades,56,25.34833333,-81.226,Release particles from this source station during the model window.,Lower Keys; Middle Keys; Upper Keys,Forward particle tracking from source region toward Florida Keys receiving regions.,source station with upper-5-m salinity <=34 PSU; source station with upper-5-m salinity <32 PSU,This is a particle release/start point from the freshwater source region.
WS20342,strong_selected_cruise,2020-12-07,2020-12-13,2020-12-07 to 2020-12-13,7,2020-11-30,2020-12-13,2020-11-30 to 2020-12-13,14,source_release_point,Everglades,57,25.34816667,-81.2595,Release particles from this source station during the model window.,Lower Keys; Middle Keys; Upper Keys,Forward particle tracking from source region toward Florida Keys receiving regions.,source station with upper-5-m salinity <=34 PSU; source station with upper-5-m salinity <32 PSU,This is a particle release/start point from the freshwater source region.
WS20342,strong_selected_cruise,2020-12-07,2020-12-13,2020-12-07 to 2020-12-13,7,2020-11-30,2020-12-13,2020-11-30 to 2020-12-13,14,source_release_point,Everglades,57.1,25.3515,-81.33633333,Release particles from this source station during the model window.,Lower Keys; Middle Keys; Upper Keys,Forward particle tracking from source region toward Florida Keys receiving regions.,source station with upper-5-m salinity <=34 PSU,This is a particle release/start point from the freshwater source region.
WS20342,strong_selected_cruise,2020-12-07,2020-12-13,2020-12-07 to 2020-12-13,7,2020-11-30,2020-12-13,2020-11-30 to 2020-12-13,14,source_release_point,Everglades,60,25.1665,-81.33616667,Release particles from this source station during the model window.,Lower Keys; Middle Keys; Upper Keys,Forward particle tracking from source region toward Florida Keys receiving regions.,source station with upper-5-m salinity <=34 PSU; source station with upper-5-m salinity <32 PSU,This is a particle release/start point from the freshwater source region.
WS20342,strong_selected_cruise,2020-12-07,2020-12-13,2020-12-07 to 2020-12-13,7,2020-11-30,2020-12-13,2020-11-30 to 2020-12-13,14,source_release_point,Ten Thousand Islands,33,25.90766667,-81.79766667,Release particles from this source station during the model window.,Lower Keys; Middle Keys; Upper Keys,Forward particle tracking from source region toward Florida Keys receiving regions.,source station with upper-5-m salinity <=34 PSU,This is a particle release/start point from the freshwater source region.
WS20342,strong_selected_cruise,2020-12-07,2020-12-13,2020-12-07 to 2020-12-13,7,2020-11-30,2020-12-13,2020-11-30 to 2020-12-13,14,source_release_point,Ten Thousand Islands,41,25.728,-81.5755,Release particles from this source station during the model window.,Lower Keys; Middle Keys; Upper Keys,Forward particle tracking from source region toward Florida Keys receiving regions.,source station with upper-5-m salinity <=34 PSU,This is a particle release/start point from the freshwater source region.
WS20342,strong_selected_cruise,2020-12-07,2020-12-13,2020-12-07 to 2020-12-13,7,2020-11-30,2020-12-13,2020-11-30 to 2020-12-13,14,source_release_point,Ten Thousand Islands,47,25.58308333,-81.3665,Release particles from this source station during the model window.,Lower Keys; Middle Keys; Upper Keys,Forward particle tracking from source region toward Florida Keys receiving regions.,source station with upper-5-m salinity <=34 PSU,This is a particle release/start point from the freshwater source region.
WS20342,strong_selected_cruise,2020-12-07,2020-12-13,2020-12-07 to 2020-12-13,7,2020-11-30,2020-12-13,2020-11-30 to 2020-12-13,14,source_release_point,Ten Thousand Islands,49,25.58366667,-81.29316667,Release particles from this source station during the model window.,Lower Keys; Middle Keys; Upper Keys,Forward particle tracking from source region toward Florida Keys receiving regions.,source station with upper-5-m salinity <=34 PSU; source station with upper-5-m salinity <32 PSU,This is a particle release/start point from the freshwater source region.
WS22281,strong_selected_cruise,2022-10-08,2022-10-14,2022-10-08 to 2022-10-14,7,2022-10-01,2022-10-14,2022-10-01 to 2022-10-14,14,keys_receiving_check_point,Lower Keys,21LK,24.53483333,-81.4175,Do not release particles from this station; use as receiving/check location.,Lower Keys,Use this Keys station/region as a receiving endpoint to evaluate whether particles approach or arrive near it.,Florida Keys receiving/check station sampled during the same cruise,This is not a release point. It is included to show the Keys receiving station/region sampled during the same cruise where particle arrival should be checked.
WS22281,strong_selected_cruise,2022-10-08,2022-10-14,2022-10-08 to 2022-10-14,7,2022-10-01,2022-10-14,2022-10-01 to 2022-10-14,14,keys_receiving_check_point,Lower Keys,KW1,24.65366667,-81.90383333,Do not release particles from this station; use as receiving/check location.,Lower Keys,Use this Keys station/region as a receiving endpoint to evaluate whether particles approach or arrive near it.,Florida Keys receiving/check station sampled during the same cruise,This is not a release point. It is included to show the Keys receiving station/region sampled during the same cruise where particle arrival should be checked.
WS22281,strong_selected_cruise,2022-10-08,2022-10-14,2022-10-08 to 2022-10-14,7,2022-10-01,2022-10-14,2022-10-01 to 2022-10-14,14,keys_receiving_check_point,Lower Keys,KW2,24.72933333,-81.911,Do not release particles from this station; use as receiving/check location.,Lower Keys,Use this Keys station/region as a receiving endpoint to evaluate whether particles approach or arrive near it.,Florida Keys receiving/check station sampled during the same cruise,This is not a release point. It is included to show the Keys receiving station/region sampled during the same cruise where particle arrival should be checked.
WS22281,strong_selected_cruise,2022-10-08,2022-10-14,2022-10-08 to 2022-10-14,7,2022-10-01,2022-10-14,2022-10-01 to 2022-10-14,14,keys_receiving_check_point,Lower Keys,WS,24.47583333,-81.717,Do not release particles from this station; use as receiving/check location.,Lower Keys,Use this Keys station/region as a receiving endpoint to evaluate whether particles approach or arrive near it.,Florida Keys receiving/check station sampled during the same cruise,This is not a release point. It is included to show the Keys receiving station/region sampled during the same cruise where particle arrival should be checked.
WS22281,strong_selected_cruise,2022-10-08,2022-10-14,2022-10-08 to 2022-10-14,7,2022-10-01,2022-10-14,2022-10-01 to 2022-10-14,14,keys_receiving_check_point,Middle Keys,12,24.71316667,-80.83233333,Do not release particles from this station; use as receiving/check location.,Middle Keys,Use this Keys station/region as a receiving endpoint to evaluate whether particles approach or arrive near it.,Florida Keys receiving/check station sampled during the same cruise,This is not a release point. It is included to show the Keys receiving station/region sampled during the same cruise where particle arrival should be checked.
WS22281,strong_selected_cruise,2022-10-08,2022-10-14,2022-10-08 to 2022-10-14,7,2022-10-01,2022-10-14,2022-10-01 to 2022-10-14,14,keys_receiving_check_point,Middle Keys,16,24.66966667,-81.20483333,Do not release particles from this station; use as receiving/check location.,Middle Keys,Use this Keys station/region as a receiving endpoint to evaluate whether particles approach or arrive near it.,Florida Keys receiving/check station sampled during the same cruise,This is not a release point. It is included to show the Keys receiving station/region sampled during the same cruise where particle arrival should be checked.
WS22281,strong_selected_cruise,2022-10-08,2022-10-14,2022-10-08 to 2022-10-14,7,2022-10-01,2022-10-14,2022-10-01 to 2022-10-14,14,keys_receiving_check_point,Middle Keys,18,24.598,-81.184,Do not release particles from this station; use as receiving/check location.,Middle Keys,Use this Keys station/region as a receiving endpoint to evaluate whether particles approach or arrive near it.,Florida Keys receiving/check station sampled during the same cruise,This is not a release point. It is included to show the Keys receiving station/region sampled during the same cruise where particle arrival should be checked.
WS22281,strong_selected_cruise,2022-10-08,2022-10-14,2022-10-08 to 2022-10-14,7,2022-10-01,2022-10-14,2022-10-01 to 2022-10-14,14,keys_receiving_check_point,Middle Keys,9,24.76183333,-80.7245,Do not release particles from this station; use as receiving/check location.,Middle Keys,Use this Keys station/region as a receiving endpoint to evaluate whether particles approach or arrive near it.,Florida Keys receiving/check station sampled during the same cruise,This is not a release point. It is included to show the Keys receiving station/region sampled during the same cruise where particle arrival should be checked.
WS22281,strong_selected_cruise,2022-10-08,2022-10-14,2022-10-08 to 2022-10-14,7,2022-10-01,2022-10-14,2022-10-01 to 2022-10-14,14,keys_receiving_check_point,Middle Keys,9.5,24.71716667,-80.69266667,Do not release particles from this station; use as receiving/check location.,Middle Keys,Use this Keys station/region as a receiving endpoint to evaluate whether particles approach or arrive near it.,Florida Keys receiving/check station sampled during the same cruise,This is not a release point. It is included to show the Keys receiving station/region sampled during the same cruise where particle arrival should be checked.
WS22281,strong_selected_cruise,2022-10-08,2022-10-14,2022-10-08 to 2022-10-14,7,2022-10-01,2022-10-14,2022-10-01 to 2022-10-14,14,keys_receiving_check_point,Upper Keys,2,25.63833333,-80.10766667,Do not release particles from this station; use as receiving/check location.,Upper Keys,Use this Keys station/region as a receiving endpoint to evaluate whether particles approach or arrive near it.,Florida Keys receiving/check station sampled during the same cruise,This is not a release point. It is included to show the Keys receiving station/region sampled during the same cruise where particle arrival should be checked.
WS22281,strong_selected_cruise,2022-10-08,2022-10-14,2022-10-08 to 2022-10-14,7,2022-10-01,2022-10-14,2022-10-01 to 2022-10-14,14,source_release_point,Everglades,51,25.4525,-81.30816667,Release particles from this source station during the model window.,Lower Keys; Middle Keys; Upper Keys,Forward particle tracking from source region toward Florida Keys receiving regions.,source station with upper-5-m salinity <=34 PSU,This is a particle release/start point from the freshwater source region.
WS22281,strong_selected_cruise,2022-10-08,2022-10-14,2022-10-08 to 2022-10-14,7,2022-10-01,2022-10-14,2022-10-01 to 2022-10-14,14,source_release_point,Everglades,53,25.44633333,-81.23266667,Release particles from this source station during the model window.,Lower Keys; Middle Keys; Upper Keys,Forward particle tracking from source region toward Florida Keys receiving regions.,source station with upper-5-m salinity <=34 PSU; source station with upper-5-m salinity <32 PSU,This is a particle release/start point from the freshwater source region.
WS22281,strong_selected_cruise,2022-10-08,2022-10-14,2022-10-08 to 2022-10-14,7,2022-10-01,2022-10-14,2022-10-01 to 2022-10-14,14,source_release_point,Everglades,54,25.34358333,-81.154,Release particles from this source station during the model window.,Lower Keys; Middle Keys; Upper Keys,Forward particle tracking from source region toward Florida Keys receiving regions.,source station with upper-5-m salinity <=34 PSU; source station with upper-5-m salinity <32 PSU,This is a particle release/start point from the freshwater source region.
WS22281,strong_selected_cruise,2022-10-08,2022-10-14,2022-10-08 to 2022-10-14,7,2022-10-01,2022-10-14,2022-10-01 to 2022-10-14,14,source_release_point,Everglades,56,25.35016667,-81.22766667,Release particles from this source station during the model window.,Lower Keys; Middle Keys; Upper Keys,Forward particle tracking from source region toward Florida Keys receiving regions.,source station with upper-5-m salinity <=34 PSU; source station with upper-5-m salinity <32 PSU,This is a particle release/start point from the freshwater source region.
WS22281,strong_selected_cruise,2022-10-08,2022-10-14,2022-10-08 to 2022-10-14,7,2022-10-01,2022-10-14,2022-10-01 to 2022-10-14,14,source_release_point,Everglades,57,25.35166667,-81.26366667,Release particles from this source station during the model window.,Lower Keys; Middle Keys; Upper Keys,Forward particle tracking from source region toward Florida Keys receiving regions.,source station with upper-5-m salinity <=34 PSU,This is a particle release/start point from the freshwater source region.
WS22281,strong_selected_cruise,2022-10-08,2022-10-14,2022-10-08 to 2022-10-14,7,2022-10-01,2022-10-14,2022-10-01 to 2022-10-14,14,source_release_point,Everglades,57.1,25.35066667,-81.33816667,Release particles from this source station during the model window.,Lower Keys; Middle Keys; Upper Keys,Forward particle tracking from source region toward Florida Keys receiving regions.,source station with upper-5-m salinity <=34 PSU,This is a particle release/start point from the freshwater source region.
WS22281,strong_selected_cruise,2022-10-08,2022-10-14,2022-10-08 to 2022-10-14,7,2022-10-01,2022-10-14,2022-10-01 to 2022-10-14,14,source_release_point,Everglades,64,25.16616667,-81.16216667,Release particles from this source station during the model window.,Lower Keys; Middle Keys; Upper Keys,Forward particle tracking from source region toward Florida Keys receiving regions.,source station with upper-5-m salinity <=34 PSU,This is a particle release/start point from the freshwater source region.
WS22281,strong_selected_cruise,2022-10-08,2022-10-14,2022-10-08 to 2022-10-14,7,2022-10-01,2022-10-14,2022-10-01 to 2022-10-14,14,source_release_point,Ten Thousand Islands,41,25.73183333,-81.57466667,Release particles from this source station during the model window.,Lower Keys; Middle Keys; Upper Keys,Forward particle tracking from source region toward Florida Keys receiving regions.,source station with upper-5-m salinity <=34 PSU,This is a particle release/start point from the freshwater source region.
WS22281,strong_selected_cruise,2022-10-08,2022-10-14,2022-10-08 to 2022-10-14,7,2022-10-01,2022-10-14,2022-10-01 to 2022-10-14,14,source_release_point,Ten Thousand Islands,47,25.58308333,-81.3665,Release particles from this source station during the model window.,Lower Keys; Middle Keys; Upper Keys,Forward particle tracking from source region toward Florida Keys receiving regions.,source station with upper-5-m salinity <=34 PSU,This is a particle release/start point from the freshwater source region.
WS22281,strong_selected_cruise,2022-10-08,2022-10-14,2022-10-08 to 2022-10-14,7,2022-10-01,2022-10-14,2022-10-01 to 2022-10-14,14,source_release_point,Ten Thousand Islands,49,25.584,-81.29966667,Release particles from this source station during the model window.,Lower Keys; Middle Keys; Upper Keys,Forward particle tracking from source region toward Florida Keys receiving regions.,source station with upper-5-m salinity <=34 PSU,This is a particle release/start point from the freshwater source region.
WS23011,strong_selected_cruise,2023-01-11,2023-01-17,2023-01-11 to 2023-01-17,7,2023-01-04,2023-01-17,2023-01-04 to 2023-01-17,14,keys_receiving_check_point,Lower Keys,21LK,24.53533333,-81.4165,Do not release particles from this station; use as receiving/check location.,Lower Keys,Use this Keys station/region as a receiving endpoint to evaluate whether particles approach or arrive near it.,Florida Keys receiving/check station sampled during the same cruise,This is not a release point. It is included to show the Keys receiving station/region sampled during the same cruise where particle arrival should be checked.
WS23011,strong_selected_cruise,2023-01-11,2023-01-17,2023-01-11 to 2023-01-17,7,2023-01-04,2023-01-17,2023-01-04 to 2023-01-17,14,keys_receiving_check_point,Lower Keys,KW1,24.654,-81.9045,Do not release particles from this station; use as receiving/check location.,Lower Keys,Use this Keys station/region as a receiving endpoint to evaluate whether particles approach or arrive near it.,Florida Keys receiving/check station sampled during the same cruise,This is not a release point. It is included to show the Keys receiving station/region sampled during the same cruise where particle arrival should be checked.
WS23011,strong_selected_cruise,2023-01-11,2023-01-17,2023-01-11 to 2023-01-17,7,2023-01-04,2023-01-17,2023-01-04 to 2023-01-17,14,keys_receiving_check_point,Lower Keys,KW2,24.7275,-81.91716667,Do not release particles from this station; use as receiving/check location.,Lower Keys,Use this Keys station/region as a receiving endpoint to evaluate whether particles approach or arrive near it.,Florida Keys receiving/check station sampled during the same cruise,This is not a release point. It is included to show the Keys receiving station/region sampled during the same cruise where particle arrival should be checked.
WS23011,strong_selected_cruise,2023-01-11,2023-01-17,2023-01-11 to 2023-01-17,7,2023-01-04,2023-01-17,2023-01-04 to 2023-01-17,14,keys_receiving_check_point,Lower Keys,WS,24.477,-81.72016667,Do not release particles from this station; use as receiving/check location.,Lower Keys,Use this Keys station/region as a receiving endpoint to evaluate whether particles approach or arrive near it.,Florida Keys receiving/check station sampled during the same cruise,This is not a release point. It is included to show the Keys receiving station/region sampled during the same cruise where particle arrival should be checked.
WS23011,strong_selected_cruise,2023-01-11,2023-01-17,2023-01-11 to 2023-01-17,7,2023-01-04,2023-01-17,2023-01-04 to 2023-01-17,14,keys_receiving_check_point,Middle Keys,10,24.78716667,-80.86066667,Do not release particles from this station; use as receiving/check location.,Middle Keys,Use this Keys station/region as a receiving endpoint to evaluate whether particles approach or arrive near it.,Florida Keys receiving/check station sampled during the same cruise,This is not a release point. It is included to show the Keys receiving station/region sampled during the same cruise where particle arrival should be checked.
WS23011,strong_selected_cruise,2023-01-11,2023-01-17,2023-01-11 to 2023-01-17,7,2023-01-04,2023-01-17,2023-01-04 to 2023-01-17,14,keys_receiving_check_point,Middle Keys,12,24.71383333,-80.83133333,Do not release particles from this station; use as receiving/check location.,Middle Keys,Use this Keys station/region as a receiving endpoint to evaluate whether particles approach or arrive near it.,Florida Keys receiving/check station sampled during the same cruise,This is not a release point. It is included to show the Keys receiving station/region sampled during the same cruise where particle arrival should be checked.
WS23011,strong_selected_cruise,2023-01-11,2023-01-17,2023-01-11 to 2023-01-17,7,2023-01-04,2023-01-17,2023-01-04 to 2023-01-17,14,keys_receiving_check_point,Middle Keys,16,24.6705,-81.20283333,Do not release particles from this station; use as receiving/check location.,Middle Keys,Use this Keys station/region as a receiving endpoint to evaluate whether particles approach or arrive near it.,Florida Keys receiving/check station sampled during the same cruise,This is not a release point. It is included to show the Keys receiving station/region sampled during the same cruise where particle arrival should be checked.
WS23011,strong_selected_cruise,2023-01-11,2023-01-17,2023-01-11 to 2023-01-17,7,2023-01-04,2023-01-17,2023-01-04 to 2023-01-17,14,keys_receiving_check_point,Middle Keys,18,24.59716667,-81.1835,Do not release particles from this station; use as receiving/check location.,Middle Keys,Use this Keys station/region as a receiving endpoint to evaluate whether particles approach or arrive near it.,Florida Keys receiving/check station sampled during the same cruise,This is not a release point. It is included to show the Keys receiving station/region sampled during the same cruise where particle arrival should be checked.
WS23011,strong_selected_cruise,2023-01-11,2023-01-17,2023-01-11 to 2023-01-17,7,2023-01-04,2023-01-17,2023-01-04 to 2023-01-17,14,keys_receiving_check_point,Middle Keys,7,24.81483333,-80.75416667,Do not release particles from this station; use as receiving/check location.,Middle Keys,Use this Keys station/region as a receiving endpoint to evaluate whether particles approach or arrive near it.,Florida Keys receiving/check station sampled during the same cruise,This is not a release point. It is included to show the Keys receiving station/region sampled during the same cruise where particle arrival should be checked.
WS23011,strong_selected_cruise,2023-01-11,2023-01-17,2023-01-11 to 2023-01-17,7,2023-01-04,2023-01-17,2023-01-04 to 2023-01-17,14,keys_receiving_check_point,Middle Keys,9,24.7655,-80.72366667,Do not release particles from this station; use as receiving/check location.,Middle Keys,Use this Keys station/region as a receiving endpoint to evaluate whether particles approach or arrive near it.,Florida Keys receiving/check station sampled during the same cruise,This is not a release point. It is included to show the Keys receiving station/region sampled during the same cruise where particle arrival should be checked.
WS23011,strong_selected_cruise,2023-01-11,2023-01-17,2023-01-11 to 2023-01-17,7,2023-01-04,2023-01-17,2023-01-04 to 2023-01-17,14,keys_receiving_check_point,Middle Keys,9.5,24.718,-80.69233333,Do not release particles from this station; use as receiving/check location.,Middle Keys,Use this Keys station/region as a receiving endpoint to evaluate whether particles approach or arrive near it.,Florida Keys receiving/check station sampled during the same cruise,This is not a release point. It is included to show the Keys receiving station/region sampled during the same cruise where particle arrival should be checked.
WS23011,strong_selected_cruise,2023-01-11,2023-01-17,2023-01-11 to 2023-01-17,7,2023-01-04,2023-01-17,2023-01-04 to 2023-01-17,14,keys_receiving_check_point,Upper Keys,2,25.64266667,-80.1055,Do not release particles from this station; use as receiving/check location.,Upper Keys,Use this Keys station/region as a receiving endpoint to evaluate whether particles approach or arrive near it.,Florida Keys receiving/check station sampled during the same cruise,This is not a release point. It is included to show the Keys receiving station/region sampled during the same cruise where particle arrival should be checked.
WS23011,strong_selected_cruise,2023-01-11,2023-01-17,2023-01-11 to 2023-01-17,7,2023-01-04,2023-01-17,2023-01-04 to 2023-01-17,14,keys_receiving_check_point,Upper Keys,MR,25.007,-80.36983333,Do not release particles from this station; use as receiving/check location.,Upper Keys,Use this Keys station/region as a receiving endpoint to evaluate whether particles approach or arrive near it.,Florida Keys receiving/check station sampled during the same cruise,This is not a release point. It is included to show the Keys receiving station/region sampled during the same cruise where particle arrival should be checked.
WS23011,strong_selected_cruise,2023-01-11,2023-01-17,2023-01-11 to 2023-01-17,7,2023-01-04,2023-01-17,2023-01-04 to 2023-01-17,14,source_release_point,Everglades,51,25.4525,-81.30916667,Release particles from this source station during the model window.,Lower Keys; Middle Keys; Upper Keys,Forward particle tracking from source region toward Florida Keys receiving regions.,source station with upper-5-m salinity <=34 PSU,This is a particle release/start point from the freshwater source region.
WS23011,strong_selected_cruise,2023-01-11,2023-01-17,2023-01-11 to 2023-01-17,7,2023-01-04,2023-01-17,2023-01-04 to 2023-01-17,14,source_release_point,Everglades,53,25.4535,-81.2365,Release particles from this source station during the model window.,Lower Keys; Middle Keys; Upper Keys,Forward particle tracking from source region toward Florida Keys receiving regions.,source station with upper-5-m salinity <=34 PSU; source station with upper-5-m salinity <32 PSU,This is a particle release/start point from the freshwater source region.
WS23011,strong_selected_cruise,2023-01-11,2023-01-17,2023-01-11 to 2023-01-17,7,2023-01-04,2023-01-17,2023-01-04 to 2023-01-17,14,source_release_point,Everglades,57,25.35066667,-81.269,Release particles from this source station during the model window.,Lower Keys; Middle Keys; Upper Keys,Forward particle tracking from source region toward Florida Keys receiving regions.,source station with upper-5-m salinity <=34 PSU,This is a particle release/start point from the freshwater source region.
WS23011,strong_selected_cruise,2023-01-11,2023-01-17,2023-01-11 to 2023-01-17,7,2023-01-04,2023-01-17,2023-01-04 to 2023-01-17,14,source_release_point,Everglades,64,25.16566667,-81.16116667,Release particles from this source station during the model window.,Lower Keys; Middle Keys; Upper Keys,Forward particle tracking from source region toward Florida Keys receiving regions.,source station with upper-5-m salinity <=34 PSU; source station with upper-5-m salinity <32 PSU,This is a particle release/start point from the freshwater source region.
WS16207,random_comparison_cruise,2016-07-25,2016-07-29,2016-07-25 to 2016-07-29,5,2016-07-18,2016-07-29,2016-07-18 to 2016-07-29,12,keys_receiving_check_point,Lower Keys,21LK,24.5375,-81.4155,Do not release particles from this station; use as receiving/check location.,Lower Keys,Use this Keys station/region as a receiving endpoint to evaluate whether particles approach or arrive near it.,random comparison Keys receiving/check station sampled during the same cruise,This is not a release point. It is included to show the Keys receiving station/region sampled during the same cruise where particle arrival should be checked.
WS16207,random_comparison_cruise,2016-07-25,2016-07-29,2016-07-25 to 2016-07-29,5,2016-07-18,2016-07-29,2016-07-18 to 2016-07-29,12,keys_receiving_check_point,Lower Keys,WS,24.475,-81.7185,Do not release particles from this station; use as receiving/check location.,Lower Keys,Use this Keys station/region as a receiving endpoint to evaluate whether particles approach or arrive near it.,random comparison Keys receiving/check station sampled during the same cruise,This is not a release point. It is included to show the Keys receiving station/region sampled during the same cruise where particle arrival should be checked.
WS16207,random_comparison_cruise,2016-07-25,2016-07-29,2016-07-25 to 2016-07-29,5,2016-07-18,2016-07-29,2016-07-18 to 2016-07-29,12,keys_receiving_check_point,Middle Keys,10,24.783,-80.86083333,Do not release particles from this station; use as receiving/check location.,Middle Keys,Use this Keys station/region as a receiving endpoint to evaluate whether particles approach or arrive near it.,random comparison Keys receiving/check station sampled during the same cruise,This is not a release point. It is included to show the Keys receiving station/region sampled during the same cruise where particle arrival should be checked.
WS16207,random_comparison_cruise,2016-07-25,2016-07-29,2016-07-25 to 2016-07-29,5,2016-07-18,2016-07-29,2016-07-18 to 2016-07-29,12,keys_receiving_check_point,Middle Keys,12,24.71316667,-80.83266667,Do not release particles from this station; use as receiving/check location.,Middle Keys,Use this Keys station/region as a receiving endpoint to evaluate whether particles approach or arrive near it.,random comparison Keys receiving/check station sampled during the same cruise,This is not a release point. It is included to show the Keys receiving station/region sampled during the same cruise where particle arrival should be checked.
WS16207,random_comparison_cruise,2016-07-25,2016-07-29,2016-07-25 to 2016-07-29,5,2016-07-18,2016-07-29,2016-07-18 to 2016-07-29,12,keys_receiving_check_point,Middle Keys,18,24.59783333,-81.18333333,Do not release particles from this station; use as receiving/check location.,Middle Keys,Use this Keys station/region as a receiving endpoint to evaluate whether particles approach or arrive near it.,random comparison Keys receiving/check station sampled during the same cruise,This is not a release point. It is included to show the Keys receiving station/region sampled during the same cruise where particle arrival should be checked.
WS16207,random_comparison_cruise,2016-07-25,2016-07-29,2016-07-25 to 2016-07-29,5,2016-07-18,2016-07-29,2016-07-18 to 2016-07-29,12,keys_receiving_check_point,Middle Keys,7,24.8165,-80.75416667,Do not release particles from this station; use as receiving/check location.,Middle Keys,Use this Keys station/region as a receiving endpoint to evaluate whether particles approach or arrive near it.,random comparison Keys receiving/check station sampled during the same cruise,This is not a release point. It is included to show the Keys receiving station/region sampled during the same cruise where particle arrival should be checked.
WS16207,random_comparison_cruise,2016-07-25,2016-07-29,2016-07-25 to 2016-07-29,5,2016-07-18,2016-07-29,2016-07-18 to 2016-07-29,12,keys_receiving_check_point,Middle Keys,9,24.76233333,-80.7245,Do not release particles from this station; use as receiving/check location.,Middle Keys,Use this Keys station/region as a receiving endpoint to evaluate whether particles approach or arrive near it.,random comparison Keys receiving/check station sampled during the same cruise,This is not a release point. It is included to show the Keys receiving station/region sampled during the same cruise where particle arrival should be checked.
WS16207,random_comparison_cruise,2016-07-25,2016-07-29,2016-07-25 to 2016-07-29,5,2016-07-18,2016-07-29,2016-07-18 to 2016-07-29,12,keys_receiving_check_point,Middle Keys,9.5,24.71783333,-80.68883333,Do not release particles from this station; use as receiving/check location.,Middle Keys,Use this Keys station/region as a receiving endpoint to evaluate whether particles approach or arrive near it.,random comparison Keys receiving/check station sampled during the same cruise,This is not a release point. It is included to show the Keys receiving station/region sampled during the same cruise where particle arrival should be checked.
WS16207,random_comparison_cruise,2016-07-25,2016-07-29,2016-07-25 to 2016-07-29,5,2016-07-18,2016-07-29,2016-07-18 to 2016-07-29,12,keys_receiving_check_point,Upper Keys,2,25.64166667,-80.10516667,Do not release particles from this station; use as receiving/check location.,Upper Keys,Use this Keys station/region as a receiving endpoint to evaluate whether particles approach or arrive near it.,random comparison Keys receiving/check station sampled during the same cruise,This is not a release point. It is included to show the Keys receiving station/region sampled during the same cruise where particle arrival should be checked.
WS16207,random_comparison_cruise,2016-07-25,2016-07-29,2016-07-25 to 2016-07-29,5,2016-07-18,2016-07-29,2016-07-18 to 2016-07-29,12,keys_receiving_check_point,Upper Keys,MR,25.01016667,-80.38116667,Do not release particles from this station; use as receiving/check location.,Upper Keys,Use this Keys station/region as a receiving endpoint to evaluate whether particles approach or arrive near it.,random comparison Keys receiving/check station sampled during the same cruise,This is not a release point. It is included to show the Keys receiving station/region sampled during the same cruise where particle arrival should be checked.
WS16207,random_comparison_cruise,2016-07-25,2016-07-29,2016-07-25 to 2016-07-29,5,2016-07-18,2016-07-29,2016-07-18 to 2016-07-29,12,source_release_point,Everglades,57,25.35166667,-81.265,Release particles from this source station during the model window.,Lower Keys; Middle Keys; Upper Keys,Forward particle tracking from source region toward Florida Keys receiving regions.,random comparison source station from Everglades or Ten Thousand Islands,This is a particle release/start point from the freshwater source region.
WS16207,random_comparison_cruise,2016-07-25,2016-07-29,2016-07-25 to 2016-07-29,5,2016-07-18,2016-07-29,2016-07-18 to 2016-07-29,12,source_release_point,Everglades,57.1,25.3515,-81.3355,Release particles from this source station during the model window.,Lower Keys; Middle Keys; Upper Keys,Forward particle tracking from source region toward Florida Keys receiving regions.,random comparison source station from Everglades or Ten Thousand Islands,This is a particle release/start point from the freshwater source region.
WS16207,random_comparison_cruise,2016-07-25,2016-07-29,2016-07-25 to 2016-07-29,5,2016-07-18,2016-07-29,2016-07-18 to 2016-07-29,12,source_release_point,Everglades,57.2,25.35266667,-81.49116667,Release particles from this source station during the model window.,Lower Keys; Middle Keys; Upper Keys,Forward particle tracking from source region toward Florida Keys receiving regions.,random comparison source station from Everglades or Ten Thousand Islands,This is a particle release/start point from the freshwater source region.
WS16207,random_comparison_cruise,2016-07-25,2016-07-29,2016-07-25 to 2016-07-29,5,2016-07-18,2016-07-29,2016-07-18 to 2016-07-29,12,source_release_point,Everglades,57.3,25.354,-81.65683333,Release particles from this source station during the model window.,Lower Keys; Middle Keys; Upper Keys,Forward particle tracking from source region toward Florida Keys receiving regions.,random comparison source station from Everglades or Ten Thousand Islands,This is a particle release/start point from the freshwater source region.
WS16207,random_comparison_cruise,2016-07-25,2016-07-29,2016-07-25 to 2016-07-29,5,2016-07-18,2016-07-29,2016-07-18 to 2016-07-29,12,source_release_point,Everglades,58,25.16616667,-81.65783333,Release particles from this source station during the model window.,Lower Keys; Middle Keys; Upper Keys,Forward particle tracking from source region toward Florida Keys receiving regions.,random comparison source station from Everglades or Ten Thousand Islands,This is a particle release/start point from the freshwater source region.
WS16207,random_comparison_cruise,2016-07-25,2016-07-29,2016-07-25 to 2016-07-29,5,2016-07-18,2016-07-29,2016-07-18 to 2016-07-29,12,source_release_point,Everglades,59,25.167,-81.49316667,Release particles from this source station during the model window.,Lower Keys; Middle Keys; Upper Keys,Forward particle tracking from source region toward Florida Keys receiving regions.,random comparison source station from Everglades or Ten Thousand Islands,This is a particle release/start point from the freshwater source region.
WS16207,random_comparison_cruise,2016-07-25,2016-07-29,2016-07-25 to 2016-07-29,5,2016-07-18,2016-07-29,2016-07-18 to 2016-07-29,12,source_release_point,Everglades,60,25.16633333,-81.33616667,Release particles from this source station during the model window.,Lower Keys; Middle Keys; Upper Keys,Forward particle tracking from source region toward Florida Keys receiving regions.,random comparison source station from Everglades or Ten Thousand Islands,This is a particle release/start point from the freshwater source region.
WS16207,random_comparison_cruise,2016-07-25,2016-07-29,2016-07-25 to 2016-07-29,5,2016-07-18,2016-07-29,2016-07-18 to 2016-07-29,12,source_release_point,Everglades,62,25.16683333,-81.2345,Release particles from this source station during the model window.,Lower Keys; Middle Keys; Upper Keys,Forward particle tracking from source region toward Florida Keys receiving regions.,random comparison source station from Everglades or Ten Thousand Islands,This is a particle release/start point from the freshwater source region.
WS16207,random_comparison_cruise,2016-07-25,2016-07-29,2016-07-25 to 2016-07-29,5,2016-07-18,2016-07-29,2016-07-18 to 2016-07-29,12,source_release_point,Ten Thousand Islands,30,25.39983333,-82.2105,Release particles from this source station during the model window.,Lower Keys; Middle Keys; Upper Keys,Forward particle tracking from source region toward Florida Keys receiving regions.,random comparison source station from Everglades or Ten Thousand Islands,This is a particle release/start point from the freshwater source region.
WS16207,random_comparison_cruise,2016-07-25,2016-07-29,2016-07-25 to 2016-07-29,5,2016-07-18,2016-07-29,2016-07-18 to 2016-07-29,12,source_release_point,Ten Thousand Islands,31,25.7405,-81.945,Release particles from this source station during the model window.,Lower Keys; Middle Keys; Upper Keys,Forward particle tracking from source region toward Florida Keys receiving regions.,random comparison source station from Everglades or Ten Thousand Islands,This is a particle release/start point from the freshwater source region.
WS16207,random_comparison_cruise,2016-07-25,2016-07-29,2016-07-25 to 2016-07-29,5,2016-07-18,2016-07-29,2016-07-18 to 2016-07-29,12,source_release_point,Ten Thousand Islands,33,25.91066667,-81.80033333,Release particles from this source station during the model window.,Lower Keys; Middle Keys; Upper Keys,Forward particle tracking from source region toward Florida Keys receiving regions.,random comparison source station from Everglades or Ten Thousand Islands,This is a particle release/start point from the freshwater source region.
WS16207,random_comparison_cruise,2016-07-25,2016-07-29,2016-07-25 to 2016-07-29,5,2016-07-18,2016-07-29,2016-07-18 to 2016-07-29,12,source_release_point,Ten Thousand Islands,41,25.73333333,-81.57566667,Release particles from this source station during the model window.,Lower Keys; Middle Keys; Upper Keys,Forward particle tracking from source region toward Florida Keys receiving regions.,random comparison source station from Everglades or Ten Thousand Islands,This is a particle release/start point from the freshwater source region.
WS16207,random_comparison_cruise,2016-07-25,2016-07-29,2016-07-25 to 2016-07-29,5,2016-07-18,2016-07-29,2016-07-18 to 2016-07-29,12,source_release_point,Ten Thousand Islands,45,25.58316667,-81.47383333,Release particles from this source station during the model window.,Lower Keys; Middle Keys; Upper Keys,Forward particle tracking from source region toward Florida Keys receiving regions.,random comparison source station from Everglades or Ten Thousand Islands,This is a particle release/start point from the freshwater source region.
WS1015,random_comparison_cruise,2010-08-16,2010-08-20,2010-08-16 to 2010-08-20,5,2010-08-09,2010-08-20,2010-08-09 to 2010-08-20,12,keys_receiving_check_point,Lower Keys,19,24.60833333,-81.42116667,Do not release particles from this station; use as receiving/check location.,Lower Keys,Use this Keys station/region as a receiving endpoint to evaluate whether particles approach or arrive near it.,random comparison Keys receiving/check station sampled during the same cruise,This is not a release point. It is included to show the Keys receiving station/region sampled during the same cruise where particle arrival should be checked.
WS1015,random_comparison_cruise,2010-08-16,2010-08-20,2010-08-16 to 2010-08-20,5,2010-08-09,2010-08-20,2010-08-09 to 2010-08-20,12,keys_receiving_check_point,Lower Keys,21.5,24.486,-81.3875,Do not release particles from this station; use as receiving/check location.,Lower Keys,Use this Keys station/region as a receiving endpoint to evaluate whether particles approach or arrive near it.,random comparison Keys receiving/check station sampled during the same cruise,This is not a release point. It is included to show the Keys receiving station/region sampled during the same cruise where particle arrival should be checked.
WS1015,random_comparison_cruise,2010-08-16,2010-08-20,2010-08-16 to 2010-08-20,5,2010-08-09,2010-08-20,2010-08-09 to 2010-08-20,12,keys_receiving_check_point,Lower Keys,21LK,24.53716667,-81.41333333,Do not release particles from this station; use as receiving/check location.,Lower Keys,Use this Keys station/region as a receiving endpoint to evaluate whether particles approach or arrive near it.,random comparison Keys receiving/check station sampled during the same cruise,This is not a release point. It is included to show the Keys receiving station/region sampled during the same cruise where particle arrival should be checked.
WS1015,random_comparison_cruise,2010-08-16,2010-08-20,2010-08-16 to 2010-08-20,5,2010-08-09,2010-08-20,2010-08-09 to 2010-08-20,12,keys_receiving_check_point,Lower Keys,22,24.4555,-81.82783333,Do not release particles from this station; use as receiving/check location.,Lower Keys,Use this Keys station/region as a receiving endpoint to evaluate whether particles approach or arrive near it.,random comparison Keys receiving/check station sampled during the same cruise,This is not a release point. It is included to show the Keys receiving station/region sampled during the same cruise where particle arrival should be checked.
WS1015,random_comparison_cruise,2010-08-16,2010-08-20,2010-08-16 to 2010-08-20,5,2010-08-09,2010-08-20,2010-08-09 to 2010-08-20,12,keys_receiving_check_point,Lower Keys,24,24.53766667,-81.82816667,Do not release particles from this station; use as receiving/check location.,Lower Keys,Use this Keys station/region as a receiving endpoint to evaluate whether particles approach or arrive near it.,random comparison Keys receiving/check station sampled during the same cruise,This is not a release point. It is included to show the Keys receiving station/region sampled during the same cruise where particle arrival should be checked.
WS1015,random_comparison_cruise,2010-08-16,2010-08-20,2010-08-16 to 2010-08-20,5,2010-08-09,2010-08-20,2010-08-09 to 2010-08-20,12,keys_receiving_check_point,Middle Keys,12,24.71366667,-80.831,Do not release particles from this station; use as receiving/check location.,Middle Keys,Use this Keys station/region as a receiving endpoint to evaluate whether particles approach or arrive near it.,random comparison Keys receiving/check station sampled during the same cruise,This is not a release point. It is included to show the Keys receiving station/region sampled during the same cruise where particle arrival should be checked.
WS1015,random_comparison_cruise,2010-08-16,2010-08-20,2010-08-16 to 2010-08-20,5,2010-08-09,2010-08-20,2010-08-09 to 2010-08-20,12,keys_receiving_check_point,Middle Keys,15,24.64383333,-81.01583333,Do not release particles from this station; use as receiving/check location.,Middle Keys,Use this Keys station/region as a receiving endpoint to evaluate whether particles approach or arrive near it.,random comparison Keys receiving/check station sampled during the same cruise,This is not a release point. It is included to show the Keys receiving station/region sampled during the same cruise where particle arrival should be checked.
WS1015,random_comparison_cruise,2010-08-16,2010-08-20,2010-08-16 to 2010-08-20,5,2010-08-09,2010-08-20,2010-08-09 to 2010-08-20,12,keys_receiving_check_point,Middle Keys,15.5,24.59266667,-80.99133333,Do not release particles from this station; use as receiving/check location.,Middle Keys,Use this Keys station/region as a receiving endpoint to evaluate whether particles approach or arrive near it.,random comparison Keys receiving/check station sampled during the same cruise,This is not a release point. It is included to show the Keys receiving station/region sampled during the same cruise where particle arrival should be checked.
WS1015,random_comparison_cruise,2010-08-16,2010-08-20,2010-08-16 to 2010-08-20,5,2010-08-09,2010-08-20,2010-08-09 to 2010-08-20,12,keys_receiving_check_point,Middle Keys,16,24.67283333,-81.202,Do not release particles from this station; use as receiving/check location.,Middle Keys,Use this Keys station/region as a receiving endpoint to evaluate whether particles approach or arrive near it.,random comparison Keys receiving/check station sampled during the same cruise,This is not a release point. It is included to show the Keys receiving station/region sampled during the same cruise where particle arrival should be checked.
WS1015,random_comparison_cruise,2010-08-16,2010-08-20,2010-08-16 to 2010-08-20,5,2010-08-09,2010-08-20,2010-08-09 to 2010-08-20,12,keys_receiving_check_point,Middle Keys,7,24.82,-80.7475,Do not release particles from this station; use as receiving/check location.,Middle Keys,Use this Keys station/region as a receiving endpoint to evaluate whether particles approach or arrive near it.,random comparison Keys receiving/check station sampled during the same cruise,This is not a release point. It is included to show the Keys receiving station/region sampled during the same cruise where particle arrival should be checked.
WS1015,random_comparison_cruise,2010-08-16,2010-08-20,2010-08-16 to 2010-08-20,5,2010-08-09,2010-08-20,2010-08-09 to 2010-08-20,12,keys_receiving_check_point,Upper Keys,1,25.6455,-80.12583333,Do not release particles from this station; use as receiving/check location.,Upper Keys,Use this Keys station/region as a receiving endpoint to evaluate whether particles approach or arrive near it.,random comparison Keys receiving/check station sampled during the same cruise,This is not a release point. It is included to show the Keys receiving station/region sampled during the same cruise where particle arrival should be checked.
WS1015,random_comparison_cruise,2010-08-16,2010-08-20,2010-08-16 to 2010-08-20,5,2010-08-09,2010-08-20,2010-08-09 to 2010-08-20,12,keys_receiving_check_point,Upper Keys,6.5,25.0485,-80.28566667,Do not release particles from this station; use as receiving/check location.,Upper Keys,Use this Keys station/region as a receiving endpoint to evaluate whether particles approach or arrive near it.,random comparison Keys receiving/check station sampled during the same cruise,This is not a release point. It is included to show the Keys receiving station/region sampled during the same cruise where particle arrival should be checked.
WS1015,random_comparison_cruise,2010-08-16,2010-08-20,2010-08-16 to 2010-08-20,5,2010-08-09,2010-08-20,2010-08-09 to 2010-08-20,12,source_release_point,Everglades,50,25.4525,-81.35216667,Release particles from this source station during the model window.,Lower Keys; Middle Keys; Upper Keys,Forward particle tracking from source region toward Florida Keys receiving regions.,random comparison source station from Everglades or Ten Thousand Islands,This is a particle release/start point from the freshwater source region.
WS1015,random_comparison_cruise,2010-08-16,2010-08-20,2010-08-16 to 2010-08-20,5,2010-08-09,2010-08-20,2010-08-09 to 2010-08-20,12,source_release_point,Everglades,53,25.4535,-81.22466667,Release particles from this source station during the model window.,Lower Keys; Middle Keys; Upper Keys,Forward particle tracking from source region toward Florida Keys receiving regions.,random comparison source station from Everglades or Ten Thousand Islands,This is a particle release/start point from the freshwater source region.
WS1015,random_comparison_cruise,2010-08-16,2010-08-20,2010-08-16 to 2010-08-20,5,2010-08-09,2010-08-20,2010-08-09 to 2010-08-20,12,source_release_point,Everglades,54,25.345,-81.1535,Release particles from this source station during the model window.,Lower Keys; Middle Keys; Upper Keys,Forward particle tracking from source region toward Florida Keys receiving regions.,random comparison source station from Everglades or Ten Thousand Islands,This is a particle release/start point from the freshwater source region.
WS1015,random_comparison_cruise,2010-08-16,2010-08-20,2010-08-16 to 2010-08-20,5,2010-08-09,2010-08-20,2010-08-09 to 2010-08-20,12,source_release_point,Everglades,69,24.93016667,-81.09433333,Release particles from this source station during the model window.,Lower Keys; Middle Keys; Upper Keys,Forward particle tracking from source region toward Florida Keys receiving regions.,random comparison source station from Everglades or Ten Thousand Islands,This is a particle release/start point from the freshwater source region.
WS1015,random_comparison_cruise,2010-08-16,2010-08-20,2010-08-16 to 2010-08-20,5,2010-08-09,2010-08-20,2010-08-09 to 2010-08-20,12,source_release_point,Ten Thousand Islands,34,25.9495,-81.76783333,Release particles from this source station during the model window.,Lower Keys; Middle Keys; Upper Keys,Forward particle tracking from source region toward Florida Keys receiving regions.,random comparison source station from Everglades or Ten Thousand Islands,This is a particle release/start point from the freshwater source region.
WS1015,random_comparison_cruise,2010-08-16,2010-08-20,2010-08-16 to 2010-08-20,5,2010-08-09,2010-08-20,2010-08-09 to 2010-08-20,12,source_release_point,Ten Thousand Islands,39,25.7825,-81.48183333,Release particles from this source station during the model window.,Lower Keys; Middle Keys; Upper Keys,Forward particle tracking from source region toward Florida Keys receiving regions.,random comparison source station from Everglades or Ten Thousand Islands,This is a particle release/start point from the freshwater source region.
WS1015,random_comparison_cruise,2010-08-16,2010-08-20,2010-08-16 to 2010-08-20,5,2010-08-09,2010-08-20,2010-08-09 to 2010-08-20,12,source_release_point,Ten Thousand Islands,45,25.5825,-81.47016667,Release particles from this source station during the model window.,Lower Keys; Middle Keys; Upper Keys,Forward particle tracking from source region toward Florida Keys receiving regions.,random comparison source station from Everglades or Ten Thousand Islands,This is a particle release/start point from the freshwater source region.
WS1015,random_comparison_cruise,2010-08-16,2010-08-20,2010-08-16 to 2010-08-20,5,2010-08-09,2010-08-20,2010-08-09 to 2010-08-20,12,source_release_point,Ten Thousand Islands,49,25.583,-81.29133333,Release particles from this source station during the model window.,Lower Keys; Middle Keys; Upper Keys,Forward particle tracking from source region toward Florida Keys receiving regions.,random comparison source station from Everglades or Ten Thousand Islands,This is a particle release/start point from the freshwater source region.